study,group,tissue,cellType,edge_attr
16.human_peripheralBlood:young-frail,disease,Peripheral Blood,Immune Cells-Granulocyte,"[('ISG15', 'CCL2', {'weight': 0.998320919178025, 'cell_n': 29}), ('RPL11', 'CCL2', {'weight': 0.831680977467236, 'cell_n': 111}), ('SH3BGRL3', 'CCL2', {'weight': 0.86937154645622, 'cell_n': 111}), ('IFI6', 'CCL2', {'weight': 0.934836654751541, 'cell_n': 25}), ('YBX1', 'CCL2', {'weight': 0.845294016747701, 'cell_n': 81}), ('JUN', 'CCL2', {'weight': 1.0, 'cell_n': 19}), ('GBP2', 'CCL2', {'weight': 1.0, 'cell_n': 11}), ('CSDE1', 'CCL2', {'weight': 1.0, 'cell_n': 11}), ('PDE4DIP', 'CCL2', {'weight': 1.0, 'cell_n': 15}), ('CTSS', 'PLAUR', {'weight': 0.714137788741211, 'cell_n': 2466}), ('S100A11', 'PLAUR', {'weight': 0.817099772105284, 'cell_n': 2688}), ('S100A8', 'PLAUR', {'weight': 0.724906406115234, 'cell_n': 3074}), ('S100A6', 'PLAUR', {'weight': 0.729710267958287, 'cell_n': 3224}), ('S100A4', 'CCL2', {'weight': 0.760899841269717, 'cell_n': 111}), ('S100A4', 'PLAUR', {'weight': 0.71207930744454, 'cell_n': 3179}), ('RPS27', 'PLAUR', {'weight': -0.822855478360648, 'cell_n': 2913}), ('FCER1G', 'PLAUR', {'weight': 0.819788380121707, 'cell_n': 2851}), ('SELL', 'PLAUR', {'weight': 0.856307735139537, 'cell_n': 56}), ('ARPC5', 'CCL2', {'weight': 0.986266344112354, 'cell_n': 29}), ('PTGS2', 'CCL2', {'weight': 0.753475023150267, 'cell_n': 60}), ('PTPRC', 'CCL2', {'weight': 1.0, 'cell_n': 11}), ('G0S2', 'CCL2', {'weight': -0.797919308703709, 'cell_n': 77}), ('H3F3A', 'PLAUR', {'weight': 0.803995633181155, 'cell_n': 3136}), ('ARF1', 'CCL2', {'weight': 1.0, 'cell_n': 20}), ('OST4', 'CCL2', {'weight': 0.930472756043707, 'cell_n': 28}), ('CDC42EP3', 'CCL2', {'weight': 1.0, 'cell_n': 19}), ('ZFP36L2', 'CCL2', {'weight': -1.0, 'cell_n': 15}), ('CALM2', 'CCL2', {'weight': 1.0, 'cell_n': 13}), ('RPS27A', 'PLAUR', {'weight': -0.719745610242932, 'cell_n': 3129}), ('PELI1', 'CCL2', {'weight': 0.917200206697638, 'cell_n': 35}), ('DUSP2', 'CCL2', {'weight': 0.705056847271494, 'cell_n': 52}), ('IL1A', 'CCL2', {'weight': 1.0, 'cell_n': 11}), ('ZEB2', 'CCL2', {'weight': 0.729078833099933, 'cell_n': 48}), ('CYTIP', 'PLAUR', {'weight': 1.0, 'cell_n': 19}), ('STK17B', 'CCL2', {'weight': 1.0, 'cell_n': 16}), ('CFLAR', 'CCL2', {'weight': 0.866195318129026, 'cell_n': 41}), ('RPL32', 'PLAUR', {'weight': -0.785841928091352, 'cell_n': 3148}), ('PTX3', 'CCL2', {'weight': -0.883212737633704, 'cell_n': 23}), ('CXCL2', 'CCL2', {'weight': -0.792594179141997, 'cell_n': 74}), ('HNRNPDL', 'CCL2', {'weight': 0.994624436177376, 'cell_n': 27})]"
16.human_peripheralBlood:young-frail,disease,Peripheral Blood,Immune Cells-Nk Cell,"[('CD52', 'CCL5', {'weight': 0.761758823961333, 'cell_n': 1688}), ('YPEL5', 'CCL5', {'weight': 0.715871778234212, 'cell_n': 234})]"
16.human_peripheralBlood:young-frail,disease,Peripheral Blood,Immune Cells-T Cell-Cd4 T Cell,"[('LAPTM5', 'CDKN1A', {'weight': 0.793653493735197, 'cell_n': 88}), ('YBX1', 'CDKN1A', {'weight': 0.941719778258082, 'cell_n': 73}), ('RPS8', 'CDKN1A', {'weight': -0.75188733365589, 'cell_n': 248}), ('JUN', 'CDKN1A', {'weight': 0.770264730323205, 'cell_n': 166}), ('TXNIP', 'CDKN1A', {'weight': 0.887076045561781, 'cell_n': 65}), ('TAGLN2', 'CDKN1A', {'weight': 0.882944064134511, 'cell_n': 101}), ('RGS1', 'CDKN1A', {'weight': 0.896246619151359, 'cell_n': 25}), ('ARF1', 'CDKN1A', {'weight': 1.0, 'cell_n': 12}), ('YPEL5', 'CDKN1A', {'weight': 0.999938650061214, 'cell_n': 24}), ('SRSF7', 'CDKN1A', {'weight': 0.984781852174483, 'cell_n': 32}), ('DUSP2', 'CDKN1A', {'weight': 0.868319760237558, 'cell_n': 112}), ('NR4A2', 'CDKN1A', {'weight': 0.892038746593295, 'cell_n': 102}), ('CYTIP', 'CDKN1A', {'weight': 1.0, 'cell_n': 11}), ('STK17B', 'CDKN1A', {'weight': 1.0, 'cell_n': 14}), ('PTMA', 'CDKN1A', {'weight': 0.705926171377166, 'cell_n': 246}), ('BHLHE40', 'CDKN1A', {'weight': 0.944098639293226, 'cell_n': 28}), ('TMA7', 'CDKN1A', {'weight': 0.868181552450458, 'cell_n': 76}), ('SELK', 'CDKN1A', {'weight': 1.0, 'cell_n': 20}), ('CNBP', 'CDKN1A', {'weight': 0.982816459178395, 'cell_n': 33}), ('CCNI', 'CDKN1A', {'weight': 0.903193830030987, 'cell_n': 102}), ('HNRNPDL', 'CDKN1A', {'weight': 0.951075436785422, 'cell_n': 45}), ('UBE2D3', 'CDKN1A', {'weight': 0.950234412265157, 'cell_n': 24}), ('SUB1', 'CDKN1A', {'weight': 0.995489918728513, 'cell_n': 30}), ('IL7R', 'CDKN1A', {'weight': 0.721738350207637, 'cell_n': 118}), ('FYB', 'CDKN1A', {'weight': 0.958778936540203, 'cell_n': 32}), ('PIK3R1', 'CDKN1A', {'weight': 1.0, 'cell_n': 12}), ('COX7C', 'CDKN1A', {'weight': 0.937203961246886, 'cell_n': 100}), ('HLA-E', 'CDKN1A', {'weight': 0.728696484046485, 'cell_n': 222}), ('HLA-B', 'CDKN1A', {'weight': 0.746513549059391, 'cell_n': 249}), ('CDKN1A', 'SH3BGRL3', {'weight': 0.724502192049692, 'cell_n': 177}), ('CDKN1A', 'LAPTM5', {'weight': 0.80791520092495, 'cell_n': 88}), ('CDKN1A', 'YBX1', {'weight': 0.94394759422093, 'cell_n': 73}), ('CDKN1A', 'RPS8', {'weight': -0.748652391841615, 'cell_n': 248}), ('CDKN1A', 'JUN', {'weight': 0.819862208187264, 'cell_n': 166}), ('CDKN1A', 'TXNIP', {'weight': 0.937711003697489, 'cell_n': 65}), ('CDKN1A', 'S100A6', {'weight': 0.889637999647663, 'cell_n': 100}), ('CDKN1A', 'TAGLN2', {'weight': 0.779691802768398, 'cell_n': 101}), ('CDKN1A', 'RGS1', {'weight': 0.96263316709672, 'cell_n': 25}), ('CDKN1A', 'H3F3A', {'weight': 0.926761049296656, 'cell_n': 51}), ('CDKN1A', 'ARF1', {'weight': 1.0, 'cell_n': 12}), ('CDKN1A', 'YPEL5', {'weight': 0.848248056834741, 'cell_n': 24}), ('CDKN1A', 'SRSF7', {'weight': 0.955816592604516, 'cell_n': 32}), ('CDKN1A', 'DUSP2', {'weight': 0.929756077343415, 'cell_n': 112}), ('CDKN1A', 'CXCR4', {'weight': 0.941019486788675, 'cell_n': 122}), ('CDKN1A', 'NR4A2', {'weight': 0.925174630387662, 'cell_n': 102}), ('CDKN1A', 'CYTIP', {'weight': 1.0, 'cell_n': 11}), ('CDKN1A', 'STK17B', {'weight': 1.0, 'cell_n': 14}), ('CDKN1A', 'BHLHE40', {'weight': 0.945461606710163, 'cell_n': 28}), ('CDKN1A', 'TMA7', {'weight': 0.921988617478001, 'cell_n': 76}), ('CDKN1A', 'SELK', {'weight': 1.0, 'cell_n': 20}), ('CDKN1A', 'CNBP', {'weight': 0.98848035192108, 'cell_n': 33}), ('CDKN1A', 'CCNI', {'weight': 0.954180505495047, 'cell_n': 102}), ('CDKN1A', 'HNRNPDL', {'weight': 0.83244239722011, 'cell_n': 45}), ('CDKN1A', 'UBE2D3', {'weight': 0.975588912187963, 'cell_n': 24}), ('CDKN1A', 'SUB1', {'weight': 0.970359288940886, 'cell_n': 30}), ('CDKN1A', 'IL7R', {'weight': 0.91041098241085, 'cell_n': 118}), ('CDKN1A', 'FYB', {'weight': 0.983204623542819, 'cell_n': 32}), ('CDKN1A', 'PIK3R1', {'weight': 1.0, 'cell_n': 12}), ('CDKN1A', 'COX7C', {'weight': 0.871265788514475, 'cell_n': 100}), ('CDKN1A', 'HSP90AB1', {'weight': 0.973782129583635, 'cell_n': 55}), ('CDKN1A', 'TNFAIP3', {'weight': 0.788933110907115, 'cell_n': 166}), ('CDKN1A', 'TOMM7', {'weight': 0.742074318336044, 'cell_n': 100}), ('CDKN1A', 'HNRNPA2B1', {'weight': 0.997040805229678, 'cell_n': 24}), ('CDKN1A', 'PPIA', {'weight': 0.813044827049393, 'cell_n': 142}), ('CDKN1A', 'CHCHD2', {'weight': 0.931907114012554, 'cell_n': 28}), ('CDKN1A', 'TRBV5-1', {'weight': 1.0, 'cell_n': 16}), ('CDKN1A', 'TRBV20-1', {'weight': 1.0, 'cell_n': 13}), ('CDKN1A', 'SLC25A6', {'weight': 0.88172312965018, 'cell_n': 73}), ('CDKN1A', 'RBM3', {'weight': 0.934196158766684, 'cell_n': 61}), ('CDKN1A', 'TSC22D3', {'weight': 0.859005844002711, 'cell_n': 155}), ('CDKN1A', 'LEPROTL1', {'weight': 0.869495939432603, 'cell_n': 43}), ('CDKN1A', 'RPL7', {'weight': 0.844304230673459, 'cell_n': 155}), ('CDKN1A', 'UQCRB', {'weight': 0.931991646136625, 'cell_n': 38}), ('CDKN1A', 'YWHAZ', {'weight': 0.809024269177662, 'cell_n': 79}), ('CDKN1A', 'EIF3E', {'weight': 0.995799408445981, 'cell_n': 23}), ('CDKN1A', 'RPS6', {'weight': -0.755708683086927, 'cell_n': 247}), ('CDKN1A', 'ANXA1', {'weight': 0.821141138696314, 'cell_n': 64}), ('CDKN1A', 'HSPA5', {'weight': 0.998967290929637, 'cell_n': 43}), ('CDKN1A', 'IFITM2', {'weight': 0.957905762268812, 'cell_n': 83}), ('CDKN1A', 'EIF3F', {'weight': 0.901778389842916, 'cell_n': 38}), ('CDKN1A', 'LDHA', {'weight': 0.988619068291181, 'cell_n': 24}), ('CDKN1A', 'SF1', {'weight': 1.0, 'cell_n': 20}), ('CDKN1A', 'ATP5L', {'weight': 0.94530655243646, 'cell_n': 51}), ('CDKN1A', 'KLF6', {'weight': 0.970572823465469, 'cell_n': 58}), ('CDKN1A', 'CREM', {'weight': -1.0, 'cell_n': 13}), ('CDKN1A', 'SPOCK2', {'weight': 0.731718743403189, 'cell_n': 23}), ('CDKN1A', 'C12orf57', {'weight': 0.960599740550957, 'cell_n': 28}), ('CDKN1A', 'SLC2A3', {'weight': 0.817931531668029, 'cell_n': 48}), ('CDKN1A', 'CD69', {'weight': 0.894262238308976, 'cell_n': 129}), ('CDKN1A', 'LDHB', {'weight': 0.892202631365701, 'cell_n': 68}), ('CDKN1A', 'DAZAP2', {'weight': 0.969526683578217, 'cell_n': 47}), ('CDKN1A', 'PCBP2', {'weight': 0.91336590048879, 'cell_n': 59}), ('CDKN1A', 'ATP5G2', {'weight': 0.934931970581188, 'cell_n': 37}), ('CDKN1A', 'HNRNPA1', {'weight': 0.826173115620117, 'cell_n': 198}), ('CDKN1A', 'RPL41', {'weight': 0.810265180537225, 'cell_n': 149}), ('CDKN1A', 'MYL6', {'weight': 0.862705537126394, 'cell_n': 48}), ('CDKN1A', 'UBC', {'weight': 0.816257224177983, 'cell_n': 179}), ('CDKN1A', 'COMMD6', {'weight': 0.888167555680235, 'cell_n': 41}), ('CDKN1A', 'RPL36AL', {'weight': 0.952804508318789, 'cell_n': 138}), ('CDKN1A', 'SRSF5', {'weight': 0.98804069027027, 'cell_n': 33}), ('CDKN1A', 'RPLP1', {'weight': -0.746183544547676, 'cell_n': 249}), ('CDKN1A', 'RPS17', {'weight': 0.827165022242796, 'cell_n': 29}), ('CDKN1A', 'IL32', {'weight': 0.745180080983841, 'cell_n': 175}), ('CDKN1A', 'COX4I1', {'weight': 0.921424180672604, 'cell_n': 101}), ('CDKN1A', 'CYBA', {'weight': 0.961989766986378, 'cell_n': 25}), ('CDKN1A', 'PFN1', {'weight': 0.746870296622949, 'cell_n': 176}), ('CDKN1A', 'RPL23', {'weight': 0.957611301176449, 'cell_n': 43}), ('CDKN1A', 'LIMD2', {'weight': 1.0, 'cell_n': 14}), ('CDKN1A', 'MYL12A', {'weight': 0.850180075742654, 'cell_n': 84}), ('CDKN1A', 'MYL12B', {'weight': 0.946287263056691, 'cell_n': 28}), ('CDKN1A', 'YWHAB', {'weight': 0.837911229961397, 'cell_n': 41}), ('CDKN1A', 'ZFAS1', {'weight': 0.829644523508153, 'cell_n': 26}), ('CDKN1A', 'ATP5E', {'weight': 0.878514712545917, 'cell_n': 102}), ('CDKN1A', 'CIRBP', {'weight': 0.839558154142935, 'cell_n': 59}), ('CDKN1A', 'KLF2', {'weight': 0.906878983833089, 'cell_n': 72}), ('CDKN1A', 'FXYD5', {'weight': 0.809421847223095, 'cell_n': 182}), ('CDKN1A', 'EMP3', {'weight': 0.968606001392809, 'cell_n': 44}), ('CDKN1A', 'PIK3IP1', {'weight': 0.961879171131273, 'cell_n': 22}), ('CDKN1A', 'PIM3', {'weight': 0.96073298553614, 'cell_n': 58}), ('CDKN1A', 'MT-ATP8', {'weight': 0.816415109510538, 'cell_n': 164}), ('CDKN1A', 'MT-ATP6', {'weight': 0.751707420918617, 'cell_n': 238}), ('CDKN1A', 'MT-CO3', {'weight': 0.721570087693032, 'cell_n': 248}), ('CDKN1A', 'MT-ND4', {'weight': 0.889126550604829, 'cell_n': 93}), ('CDKN1A', 'MT-ND5', {'weight': 0.761194352552841, 'cell_n': 192}), ('CDKN1A', 'RPS4Y1', {'weight': 0.726928528700775, 'cell_n': 70}), ('HSP90AB1', 'CDKN1A', {'weight': 0.961380340183823, 'cell_n': 55}), ('TNFAIP3', 'CDKN1A', {'weight': 0.9111271019708, 'cell_n': 166}), ('EZR', 'CDKN1A', {'weight': 0.91601078992157, 'cell_n': 34}), ('TOMM7', 'CDKN1A', {'weight': 0.844438097197011, 'cell_n': 100}), ('HNRNPA2B1', 'CDKN1A', {'weight': 0.96988431843446, 'cell_n': 24}), ('PPIA', 'CDKN1A', {'weight': 0.763924229673644, 'cell_n': 142}), ('CHCHD2', 'CDKN1A', {'weight': 0.99752254013768, 'cell_n': 28}), ('TRBV5-1', 'CDKN1A', {'weight': 1.0, 'cell_n': 16})]"
16.human_peripheralBlood:young-frail,disease,Peripheral Blood,Immune Cells-T Cell-Cd8+ T Cell,"[('LAPTM5', 'CCL5', {'weight': 0.741290244665152, 'cell_n': 669}), ('CD48', 'CCL5', {'weight': 0.939268355336978, 'cell_n': 113}), ('RGS1', 'CCL5', {'weight': 0.746469128878536, 'cell_n': 115}), ('GNLY', 'CCL5', {'weight': 0.777748992766377, 'cell_n': 1380}), ('CNBP', 'CCL5', {'weight': 0.804782168762774, 'cell_n': 134}), ('FGFBP2', 'CCL5', {'weight': 0.815103056744051, 'cell_n': 687}), ('CCNI', 'CCL5', {'weight': 0.718707567587982, 'cell_n': 505}), ('UBE2D3', 'CCL5', {'weight': 0.906204741706407, 'cell_n': 94}), ('IL7R', 'CCL5', {'weight': 0.924770149992378, 'cell_n': 214}), ('COX7C', 'CCL5', {'weight': 0.730493716305863, 'cell_n': 488}), ('HNRNPA0', 'CCL5', {'weight': 0.819338871922238, 'cell_n': 72}), ('HNRNPA2B1', 'CCL5', {'weight': 0.704117637577378, 'cell_n': 289}), ('TRBV7-9', 'CCL5', {'weight': 0.718730424405237, 'cell_n': 105})]"
16.human_peripheralBlood:young-healthyOld,normal,Peripheral Blood,Endothelial Cell-Global,"[('PELI1', 'IL1B', {'weight': 0.745006981680153, 'cell_n': 115}), ('IL1B', 'PELI1', {'weight': 0.77484899971192, 'cell_n': 115}), ('IL1B', 'CD83', {'weight': 0.753299128758231, 'cell_n': 284}), ('IL1B', 'SOD2', {'weight': 0.845739896684775, 'cell_n': 280}), ('IL1B', 'SRGN', {'weight': 0.710664272664094, 'cell_n': 289}), ('IL1B', 'BCL2A1', {'weight': 0.809928944565787, 'cell_n': 287}), ('IL1B', 'CCL3', {'weight': 0.775369319220639, 'cell_n': 268}), ('IL1B', 'CCL4', {'weight': 0.775499493229347, 'cell_n': 276}), ('IL1B', 'PPP1R15A', {'weight': 0.87497923397026, 'cell_n': 291}), ('CD83', 'IL1B', {'weight': 0.768089617444123, 'cell_n': 284}), ('SOD2', 'IL1B', {'weight': 0.798007406315811, 'cell_n': 280}), ('BCL2A1', 'IL1B', {'weight': 0.872505303102303, 'cell_n': 287})]"
16.human_peripheralBlood:young-healthyOld,normal,Peripheral Blood,Immune Cells-Granulocyte,"[('ENO1', 'CDKN1A', {'weight': 0.908529691227433, 'cell_n': 172}), ('ENO1', 'CCL2', {'weight': 0.870343823898675, 'cell_n': 120}), ('ENO1', 'ICAM1', {'weight': 0.926041731773404, 'cell_n': 55}), ('ENO1', 'PLAUR', {'weight': 0.834671905274951, 'cell_n': 320}), ('CDC42', 'CDKN1A', {'weight': 0.88538653218443, 'cell_n': 171}), ('CDC42', 'ICAM1', {'weight': 0.784682248785373, 'cell_n': 96}), ('CDC42', 'PLAUR', {'weight': 0.774746629566029, 'cell_n': 289}), ('CD52', 'CDKN1A', {'weight': 0.796836653051181, 'cell_n': 386}), ('CD52', 'CCL5', {'weight': 0.804449241659431, 'cell_n': 421}), ('CD52', 'PLAUR', {'weight': 0.758820526755916, 'cell_n': 802}), ('LAPTM5', 'CDKN1A', {'weight': 0.712803190741273, 'cell_n': 701}), ('LAPTM5', 'PLAUR', {'weight': 0.729116491188441, 'cell_n': 1584}), ('RNF19B', 'CDKN1A', {'weight': 0.946248336816761, 'cell_n': 45}), ('RNF19B', 'CCL2', {'weight': 1.0, 'cell_n': 11}), ('RNF19B', 'ICAM1', {'weight': 0.962361662743126, 'cell_n': 31}), ('RNF19B', 'PLAUR', {'weight': 0.963411815619583, 'cell_n': 92}), ('CSF3R', 'CDKN1A', {'weight': 0.916519198507916, 'cell_n': 71}), ('CSF3R', 'CCL2', {'weight': 1.0, 'cell_n': 18}), ('CSF3R', 'CCL5', {'weight': 0.796781626959551, 'cell_n': 73}), ('CSF3R', 'ICAM1', {'weight': 0.990629506230064, 'cell_n': 56}), ('CSF3R', 'PLAUR', {'weight': 0.855467920474562, 'cell_n': 157}), ('ATP6V0B', 'CDKN1A', {'weight': 0.924030396267503, 'cell_n': 125}), ('ATP6V0B', 'CCL2', {'weight': 0.786781260693814, 'cell_n': 74}), ('ATP6V0B', 'CCL5', {'weight': 0.799752240396365, 'cell_n': 81}), ('ATP6V0B', 'ICAM1', {'weight': 0.984116919875991, 'cell_n': 51}), ('ATP6V0B', 'PLAUR', {'weight': 0.924544750033957, 'cell_n': 236}), ('UQCRH', 'CDKN1A', {'weight': 0.900815926583073, 'cell_n': 135}), ('UQCRH', 'CCL2', {'weight': 0.840654185396765, 'cell_n': 59}), ('UQCRH', 'ICAM1', {'weight': 0.93092936505548, 'cell_n': 80}), ('UQCRH', 'PLAUR', {'weight': 0.77984040796144, 'cell_n': 258}), ('JUN', 'CDKN1A', {'weight': 0.811608399592598, 'cell_n': 363}), ('JUN', 'CCL5', {'weight': 0.719067354506794, 'cell_n': 745}), ('JUN', 'ICAM1', {'weight': 0.857931539962369, 'cell_n': 109}), ('GNG5', 'CDKN1A', {'weight': 0.884492804742499, 'cell_n': 239}), ('GNG5', 'CCL2', {'weight': 0.793780189754053, 'cell_n': 155}), ('GNG5', 'ICAM1', {'weight': 0.946397715935327, 'cell_n': 78}), ('GNG5', 'PLAUR', {'weight': 0.907103587472364, 'cell_n': 468}), ('NBPF26', 'CDKN1A', {'weight': 0.945758885829525, 'cell_n': 128}), ('NBPF26', 'CCL2', {'weight': 1.0, 'cell_n': 11}), ('NBPF26', 'ICAM1', {'weight': 0.816110451890794, 'cell_n': 77}), ('NBPF26', 'PLAUR', {'weight': 0.807992757671188, 'cell_n': 160}), ('TXNIP', 'CDKN1A', {'weight': 0.806157535627788, 'cell_n': 186}), ('TXNIP', 'CCL5', {'weight': 0.819649564003551, 'cell_n': 321}), ('TXNIP', 'ICAM1', {'weight': 0.903674690484338, 'cell_n': 73}), ('S100A10', 'CDKN1A', {'weight': 0.71101507632831, 'cell_n': 771}), ('S100A10', 'CCL2', {'weight': 0.725476117709659, 'cell_n': 543}), ('S100A11', 'CDKN1A', {'weight': 0.772324616127279, 'cell_n': 683}), ('S100A11', 'CCL2', {'weight': 0.836177443632623, 'cell_n': 536}), ('S100A11', 'ICAM1', {'weight': 0.794972304368352, 'cell_n': 243}), ('S100A11', 'PLAUR', {'weight': 0.802176566391433, 'cell_n': 1644}), ('S100A12', 'CDKN1A', {'weight': 0.760541539886606, 'cell_n': 310}), ('S100A12', 'CCL2', {'weight': 0.803960597693021, 'cell_n': 233}), ('S100A12', 'ICAM1', {'weight': 0.778984582293201, 'cell_n': 120}), ('S100A12', 'PLAUR', {'weight': 0.789904855366419, 'cell_n': 910}), ('S100A6', 'CCL2', {'weight': 0.741918076285594, 'cell_n': 585}), ('TPM3', 'CDKN1A', {'weight': 0.845435074371284, 'cell_n': 443}), ('TPM3', 'CCL2', {'weight': 0.712624176474168, 'cell_n': 287}), ('TPM3', 'ICAM1', {'weight': 0.797995100377061, 'cell_n': 171}), ('TPM3', 'PLAUR', {'weight': 0.770920050644617, 'cell_n': 889}), ('TAGLN2', 'CDKN1A', {'weight': 0.735504439027971, 'cell_n': 505}), ('TAGLN2', 'ICAM1', {'weight': 0.705089199513385, 'cell_n': 206}), ('TAGLN2', 'PLAUR', {'weight': 0.765498505293765, 'cell_n': 940}), ('PRRC2C', 'CDKN1A', {'weight': 0.843231508759266, 'cell_n': 57}), ('PRRC2C', 'CCL2', {'weight': 1.0, 'cell_n': 17}), ('PRRC2C', 'CCL5', {'weight': 0.75479701201495, 'cell_n': 115}), ('PRRC2C', 'ICAM1', {'weight': 0.911570344652962, 'cell_n': 41}), ('PTGS2', 'CDKN1A', {'weight': 0.732012363651887, 'cell_n': 167}), ('PTGS2', 'CCL2', {'weight': 0.990996529730701, 'cell_n': 30}), ('PTGS2', 'PLAUR', {'weight': 0.761561591072909, 'cell_n': 560}), ('PTPRC', 'CDKN1A', {'weight': 0.860475969186002, 'cell_n': 190}), ('PTPRC', 'CCL2', {'weight': 0.92773139700659, 'cell_n': 35}), ('PTPRC', 'CCL5', {'weight': 0.7389634355498, 'cell_n': 314}), ('PTPRC', 'ICAM1', {'weight': 0.887106719058445, 'cell_n': 109}), ('BTG2', 'CDKN1A', {'weight': 0.981394051509344, 'cell_n': 99}), ('BTG2', 'CCL2', {'weight': 0.881622652228891, 'cell_n': 42}), ('BTG2', 'ICAM1', {'weight': 0.854017992576526, 'cell_n': 39}), ('BTG2', 'PLAUR', {'weight': 0.909765484670438, 'cell_n': 144}), ('G0S2', 'CDKN1A', {'weight': 0.751005584072008, 'cell_n': 404}), ('G0S2', 'ICAM1', {'weight': 0.811881782216655, 'cell_n': 210}), ('H3F3A', 'PLAUR', {'weight': 0.733136964035063, 'cell_n': 1949}), ('ARF1', 'CDKN1A', {'weight': 0.957876184258455, 'cell_n': 82}), ('ARF1', 'CCL2', {'weight': 0.779996978395474, 'cell_n': 44}), ('ARF1', 'ICAM1', {'weight': 0.978451471116932, 'cell_n': 34}), ('ARF1', 'PLAUR', {'weight': 0.947973804280509, 'cell_n': 166}), ('NLRP3', 'CDKN1A', {'weight': 0.801848927262579, 'cell_n': 236}), ('NLRP3', 'CCL2', {'weight': 0.825887544510388, 'cell_n': 42}), ('NLRP3', 'ICAM1', {'weight': 0.896731310107271, 'cell_n': 156}), ('NLRP3', 'PLAUR', {'weight': 0.720834054960564, 'cell_n': 626}), ('RPS7', 'CCL5', {'weight': 0.766981083780713, 'cell_n': 1151}), ('ID2', 'CDKN1A', {'weight': 0.816903561625648, 'cell_n': 240}), ('ID2', 'ICAM1', {'weight': 0.816524312578806, 'cell_n': 106}), ('ID2', 'PLAUR', {'weight': 0.71755607228131, 'cell_n': 369}), ('OST4', 'CDKN1A', {'weight': 0.902213105370321, 'cell_n': 100}), ('OST4', 'CCL2', {'weight': 0.871446550964983, 'cell_n': 36}), ('OST4', 'ICAM1', {'weight': 0.852237702853499, 'cell_n': 51}), ('OST4', 'PLAUR', {'weight': 0.935641588971215, 'cell_n': 241}), ('CDC42EP3', 'CDKN1A', {'weight': 0.979464020068309, 'cell_n': 75}), ('CDC42EP3', 'CCL2', {'weight': 1.0, 'cell_n': 19}), ('CDC42EP3', 'ICAM1', {'weight': 0.969969093267285, 'cell_n': 56}), ('CDC42EP3', 'PLAUR', {'weight': 0.847666005122588, 'cell_n': 142}), ('SRSF7', 'CDKN1A', {'weight': 0.998520844819325, 'cell_n': 30}), ('SRSF7', 'CCL2', {'weight': -1.0, 'cell_n': 12}), ('SRSF7', 'CCL5', {'weight': 0.760676303268699, 'cell_n': 88}), ('SRSF7', 'ICAM1', {'weight': 0.970451177531754, 'cell_n': 22}), ('SRSF7', 'PLAUR', {'weight': 0.995603665373718, 'cell_n': 55}), ('ZFP36L2', 'CDKN1A', {'weight': 0.827853721186068, 'cell_n': 196}), ('ZFP36L2', 'CCL5', {'weight': 0.822946803374499, 'cell_n': 596}), ('ZFP36L2', 'ICAM1', {'weight': 0.836448798564856, 'cell_n': 77}), ('ZFP36L2', 'PLAUR', {'weight': 0.723440381231329, 'cell_n': 361}), ('RPS27A', 'CCL5', {'weight': 0.753103253990047, 'cell_n': 1175}), ('PLEK', 'PLAUR', {'weight': 0.737175928238208, 'cell_n': 1240}), ('DUSP2', 'CDKN1A', {'weight': 0.810511753573991, 'cell_n': 256}), ('DUSP2', 'CCL2', {'weight': 0.819961518967754, 'cell_n': 81}), ('DUSP2', 'ICAM1', {'weight': 0.912237720188905, 'cell_n': 144}), ('DUSP2', 'PLAUR', {'weight': 0.728408701930596, 'cell_n': 500}), ('COX5B', 'CDKN1A', {'weight': 0.920462742851417, 'cell_n': 128}), ('COX5B', 'CCL2', {'weight': 0.777875416318166, 'cell_n': 49}), ('COX5B', 'ICAM1', {'weight': 0.963275255836727, 'cell_n': 63}), ('COX5B', 'PLAUR', {'weight': 0.871077424533911, 'cell_n': 226}), ('RPL31', 'CDKN1A', {'weight': 0.71075963386438, 'cell_n': 555}), ('IL1B', 'CXCL8', {'weight': 0.874363135968828, 'cell_n': 2538}), ('IL1B', 'DUSP1', {'weight': -0.710118737286295, 'cell_n': 2006}), ('IL1B', 'PNRC1', {'weight': 0.778751581702306, 'cell_n': 2867}), ('IL1B', 'SOD2', {'weight': 0.946193871134871, 'cell_n': 2848}), ('IL1B', 'TRBV3-1', {'weight': 1.0, 'cell_n': 19}), ('IL1B', 'LEPROTL1', {'weight': -0.847636447305784, 'cell_n': 30}), ('IL1B', 'ATP6V1G1', {'weight': 0.728012811539225, 'cell_n': 200}), ('IL1B', 'FTH1', {'weight': 0.812220335959578, 'cell_n': 3454}), ('IL1B', 'MALAT1', {'weight': -0.715796713237999, 'cell_n': 3427}), ('IL1B', 'CARD16', {'weight': 0.751859066062665, 'cell_n': 367}), ('IL1B', 'SRGN', {'weight': 0.744044393712813, 'cell_n': 3147}), ('IL1B', 'LDHB', {'weight': -0.82387653756303, 'cell_n': 79}), ('IL1B', 'PCBP2', {'weight': 0.72029777407536, 'cell_n': 939}), ('IL1B', 'LINC00936', {'weight': 0.766181413997807, 'cell_n': 2122}), ('IL1B', 'BCL2A1', {'weight': 0.915380208377497, 'cell_n': 1933}), ('IL1B', 'COTL1', {'weight': 0.750190310386406, 'cell_n': 1406}), ('IL1B', 'CCL3', {'weight': 0.953039698646971, 'cell_n': 3080}), ('IL1B', 'CCL4', {'weight': 0.935195526603943, 'cell_n': 2743}), ('IL1B', 'CCL3L3', {'weight': 0.90375289713367, 'cell_n': 2873}), ('IL1B', 'CCL4L2', {'weight': 0.73312692511977, 'cell_n': 2364}), ('IL1B', 'CCR7', {'weight': 1.0, 'cell_n': 14}), ('IL1B', 'EIF1', {'weight': 0.706890717883533, 'cell_n': 3279}), ('IL1B', 'CD7', {'weight': 0.909099070593208, 'cell_n': 29}), ('IL1B', 'DNAJB1', {'weight': -0.971498155103322, 'cell_n': 21}), ('IL1B', 'MT-CO2', {'weight': 0.75831597612802, 'cell_n': 3411}), ('IL1RN', 'CDKN1A', {'weight': 0.714217144897172, 'cell_n': 169}), ('IL1RN', 'ICAM1', {'weight': 0.770538052371526, 'cell_n': 115}), ('CXCR4', 'CDKN1A', {'weight': 0.872632784104216, 'cell_n': 80}), ('CXCR4', 'CCL5', {'weight': 0.873347389417177, 'cell_n': 266}), ('CXCR4', 'ICAM1', {'weight': 1.0, 'cell_n': 11}), ('CXCR4', 'PLAUR', {'weight': 0.750646109938729, 'cell_n': 134}), ('ZEB2', 'CDKN1A', {'weight': 0.880491688113034, 'cell_n': 339}), ('ZEB2', 'CCL2', {'weight': 0.795320256298028, 'cell_n': 248}), ('ZEB2', 'CCL5', {'weight': 0.733400800144015, 'cell_n': 281}), ('ZEB2', 'ICAM1', {'weight': 0.720171925608068, 'cell_n': 154}), ('ZEB2', 'PLAUR', {'weight': 0.831309411730808, 'cell_n': 703}), ('CYTIP', 'IL1B', {'weight': 0.928490324721685, 'cell_n': 38}), ('CYTIP', 'CCL2', {'weight': 1.0, 'cell_n': 20}), ('CYTIP', 'CCL5', {'weight': 0.932546365702521, 'cell_n': 33}), ('CYTIP', 'PLAUR', {'weight': 0.94024395991471, 'cell_n': 52}), ('ARPC2', 'CDKN1A', {'weight': 0.84122527424214, 'cell_n': 420}), ('ARPC2', 'CCL2', {'weight': 0.732963098586055, 'cell_n': 194}), ('ARPC2', 'CCL5', {'weight': 0.747782293876724, 'cell_n': 431}), ('ARPC2', 'ICAM1', {'weight': 0.745572935113898, 'cell_n': 199}), ('LRRFIP1', 'CDKN1A', {'weight': 0.826890396767162, 'cell_n': 213}), ('LRRFIP1', 'CCL2', {'weight': 0.901459615957064, 'cell_n': 83}), ('LRRFIP1', 'CCL5', {'weight': 0.710962945831331, 'cell_n': 195}), ('LRRFIP1', 'ICAM1', {'weight': 0.848858903752402, 'cell_n': 79}), ('LRRFIP1', 'PLAUR', {'weight': 0.866546588780284, 'cell_n': 343}), ('RPSA', 'CCL5', {'weight': 0.750915970946205, 'cell_n': 940}), ('TMA7', 'CDKN1A', {'weight': 0.844776383896671, 'cell_n': 273}), ('TMA7', 'CCL2', {'weight': 0.714570420611379, 'cell_n': 96}), ('TMA7', 'CCL5', {'weight': 0.813506564912742, 'cell_n': 404}), ('TMA7', 'ICAM1', {'weight': 0.77065250323279, 'cell_n': 144}), ('TMA7', 'PLAUR', {'weight': 0.703815465459888, 'cell_n': 562}), ('GPX1', 'ICAM1', {'weight': 0.898273064407357, 'cell_n': 192}), ('GPX1', 'PLAUR', {'weight': 0.761484593871198, 'cell_n': 1004}), ('RHOA', 'CDKN1A', {'weight': 0.842181640485688, 'cell_n': 490}), ('RHOA', 'CCL2', {'weight': 0.703788119870354, 'cell_n': 238}), ('RHOA', 'ICAM1', {'weight': 0.764727746034817, 'cell_n': 206}), ('TKT', 'CDKN1A', {'weight': 0.892999649424682, 'cell_n': 438}), ('TKT', 'CCL2', {'weight': 0.790480763292059, 'cell_n': 188}), ('TKT', 'ICAM1', {'weight': 0.75059881824688, 'cell_n': 209}), ('TKT', 'PLAUR', {'weight': 0.821227829387225, 'cell_n': 980}), ('SELK', 'CDKN1A', {'weight': 1.0, 'cell_n': 18}), ('SELK', 'ICAM1', {'weight': 1.0, 'cell_n': 16}), ('SELK', 'PLAUR', {'weight': 0.878034018816468, 'cell_n': 55}), ('NFKBIZ', 'CDKN1A', {'weight': 0.767396980844455, 'cell_n': 456}), ('NFKBIZ', 'CCL2', {'weight': 0.855384189318611, 'cell_n': 94}), ('NFKBIZ', 'ICAM1', {'weight': 0.716822460784151, 'cell_n': 291}), ('CNBP', 'CDKN1A', {'weight': 0.892033760703368, 'cell_n': 162}), ('CNBP', 'CCL2', {'weight': 0.845166606963212, 'cell_n': 90}), ('CNBP', 'ICAM1', {'weight': 0.884431330441764, 'cell_n': 58}), ('CNBP', 'PLAUR', {'weight': 0.838167121834836, 'cell_n': 249}), ('SERP1', 'CDKN1A', {'weight': 0.956425371858348, 'cell_n': 265}), ('SERP1', 'ICAM1', {'weight': 0.887387432776674, 'cell_n': 142}), ('SERP1', 'PLAUR', {'weight': 0.840126071592535, 'cell_n': 545}), ('MBNL1', 'CDKN1A', {'weight': 0.974404399342501, 'cell_n': 59}), ('MBNL1', 'CCL2', {'weight': -1.0, 'cell_n': 11}), ('MBNL1', 'ICAM1', {'weight': 0.957091931218608, 'cell_n': 35}), ('MBNL1', 'PLAUR', {'weight': 0.86034501789135, 'cell_n': 104}), ('CXCL8', 'IL1B', {'weight': 0.851902114155519, 'cell_n': 2538}), ('CXCL8', 'PLAUR', {'weight': 0.716503721336109, 'cell_n': 1527}), ('EREG', 'CDKN1A', {'weight': 0.913114689564247, 'cell_n': 200}), ('EREG', 'ICAM1', {'weight': 0.806812124424414, 'cell_n': 122}), ('EREG', 'PLAUR', {'weight': 0.773049177287536, 'cell_n': 475}), ('CCNI', 'CDKN1A', {'weight': 0.878153503162265, 'cell_n': 308}), ('CCNI', 'ICAM1', {'weight': 0.773338512846275, 'cell_n': 171}), ('CCNI', 'PLAUR', {'weight': 0.80526254233107, 'cell_n': 636}), ('RASGEF1B', 'CDKN1A', {'weight': 0.800657148591006, 'cell_n': 60}), ('RASGEF1B', 'CCL2', {'weight': 0.97821527446024, 'cell_n': 30}), ('RASGEF1B', 'ICAM1', {'weight': 0.941367336559288, 'cell_n': 44}), ('RASGEF1B', 'PLAUR', {'weight': 0.814831955982998, 'cell_n': 117}), ('HNRNPDL', 'CDKN1A', {'weight': 0.93841583707165, 'cell_n': 88}), ('HNRNPDL', 'CCL2', {'weight': 0.911004762390001, 'cell_n': 26}), ('HNRNPDL', 'ICAM1', {'weight': 0.921479662311398, 'cell_n': 50}), ('HNRNPDL', 'PLAUR', {'weight': 0.876677173713177, 'cell_n': 178}), ('ANXA5', 'CDKN1A', {'weight': 0.937348821864287, 'cell_n': 314}), ('ANXA5', 'CCL2', {'weight': 0.706948128165631, 'cell_n': 197}), ('ANXA5', 'ICAM1', {'weight': 0.875907647512348, 'cell_n': 142}), ('ANXA5', 'PLAUR', {'weight': 0.816893304122966, 'cell_n': 621}), ('ACSL1', 'CDKN1A', {'weight': 0.935865878812801, 'cell_n': 48}), ('ACSL1', 'CCL2', {'weight': 1.0, 'cell_n': 17}), ('ACSL1', 'ICAM1', {'weight': 0.971637077054301, 'cell_n': 48}), ('ACSL1', 'PLAUR', {'weight': 0.928869694677332, 'cell_n': 142})]"
16.human_peripheralBlood:young-healthyOld,normal,Peripheral Blood,Immune Cells-T Cell-Cd4 T Cell,"[('SH3BGRL3', 'CCL5', {'weight': 0.71233301878064, 'cell_n': 744}), ('IL7R', 'CCL5', {'weight': 0.720876173106486, 'cell_n': 452}), ('PPIA', 'CCL5', {'weight': 0.728256580798016, 'cell_n': 531})]"
17.human_TabulaSapiens,normal,Blood,Immune Cells-Macrophage,"[('RPL22', 'IL1R2', {'weight': 0.742483406152087, 'cell_n': 590}), ('CAP1', 'IL1R2', {'weight': 0.837437715303109, 'cell_n': 356}), ('SMAP2', 'IL1R2', {'weight': 0.808890620761766, 'cell_n': 214}), ('C1orf162', 'IL1R2', {'weight': 0.778368994992024, 'cell_n': 464}), ('MCL1', 'IL1R2', {'weight': 0.91404438844798, 'cell_n': 307}), ('S100A12', 'IL1R2', {'weight': 0.746119929110715, 'cell_n': 1244}), ('S100A8', 'IL1R2', {'weight': 0.71758283680644, 'cell_n': 1536}), ('TPM3', 'IL1R2', {'weight': 0.736755107265959, 'cell_n': 683}), ('MNDA', 'IL1R2', {'weight': 0.828552877243684, 'cell_n': 1375}), ('HNRNPU', 'IL1R2', {'weight': 0.917879629224979, 'cell_n': 262}), ('ZFP36L2', 'IL1R2', {'weight': 0.775135900379382, 'cell_n': 272}), ('ACTR2', 'IL1R2', {'weight': 0.771138200607259, 'cell_n': 799}), ('PCBP1', 'IL1R2', {'weight': 0.835920625362558, 'cell_n': 266}), ('VAMP8', 'IL1R2', {'weight': 0.713493905260915, 'cell_n': 77}), ('IL1R2', 'RPL22', {'weight': 0.741852317036572, 'cell_n': 590}), ('IL1R2', 'CDC42', {'weight': 0.708639078616926, 'cell_n': 374}), ('IL1R2', 'PTP4A2', {'weight': 0.711664227177797, 'cell_n': 138}), ('IL1R2', 'CAP1', {'weight': 0.782733492352394, 'cell_n': 356}), ('IL1R2', 'SMAP2', {'weight': 0.740513314042667, 'cell_n': 214}), ('IL1R2', 'MCL1', {'weight': 0.944113083092181, 'cell_n': 307}), ('IL1R2', 'S100A12', {'weight': 0.744248445995701, 'cell_n': 1244}), ('IL1R2', 'MNDA', {'weight': 0.795920050310416, 'cell_n': 1375}), ('IL1R2', 'HNRNPU', {'weight': 0.774478595659401, 'cell_n': 262}), ('IL1R2', 'ACTR2', {'weight': 0.756066289890389, 'cell_n': 799}), ('IL1R2', 'PCBP1', {'weight': 0.753746151332763, 'cell_n': 266}), ('IL1R2', 'ACTR3', {'weight': 0.88464426205561, 'cell_n': 88}), ('IL1R2', 'SLC11A1', {'weight': 0.805371862729331, 'cell_n': 78}), ('IL1R2', 'HCLS1', {'weight': 0.848035163733591, 'cell_n': 185}), ('IL1R2', 'CSTA', {'weight': 0.808466515190166, 'cell_n': 161}), ('IL1R2', 'MBNL1', {'weight': 0.838753586320407, 'cell_n': 79}), ('IL1R2', 'CCNL1', {'weight': 0.96813983710319, 'cell_n': 81}), ('IL1R2', 'CCNI', {'weight': 0.752483920783348, 'cell_n': 218}), ('IL1R2', 'CAST', {'weight': 0.751744502595507, 'cell_n': 378}), ('IL1R2', 'H2AFY', {'weight': 0.769001029932076, 'cell_n': 329}), ('IL1R2', 'RNF130', {'weight': 0.795209002353609, 'cell_n': 98}), ('IL1R2', 'SERPINB1', {'weight': 0.728602490173981, 'cell_n': 775}), ('IL1R2', 'RIPOR2', {'weight': 0.874661815117537, 'cell_n': 202}), ('IL1R2', 'LST1', {'weight': 0.722058336137135, 'cell_n': 696}), ('IL1R2', 'PNRC1', {'weight': 0.827971877238343, 'cell_n': 258}), ('IL1R2', 'RAC1', {'weight': 0.716739895541236, 'cell_n': 287}), ('IL1R2', 'TOMM7', {'weight': 0.900316573899051, 'cell_n': 122}), ('IL1R2', 'CHCHD2', {'weight': 0.779229727963788, 'cell_n': 90}), ('IL1R2', 'ARPC1B', {'weight': 0.711151580899717, 'cell_n': 656}), ('IL1R2', 'ASAH1', {'weight': 0.861025116485129, 'cell_n': 152}), ('IL1R2', 'PABPC1', {'weight': 0.71174256330308, 'cell_n': 1106}), ('IL1R2', 'YWHAZ', {'weight': 0.83734437422414, 'cell_n': 134}), ('IL1R2', 'HNRNPK', {'weight': 0.748090028780077, 'cell_n': 154}), ('IL1R2', 'FCN1', {'weight': 0.750761869479676, 'cell_n': 1257}), ('IL1R2', 'IFITM2', {'weight': 0.883991851356185, 'cell_n': 344}), ('IL1R2', 'CD44', {'weight': 0.792523799911415, 'cell_n': 136}), ('IL1R2', 'TMBIM6', {'weight': 0.96065491052228, 'cell_n': 117}), ('IL1R2', 'EIF4B', {'weight': 0.896143967291859, 'cell_n': 102}), ('IL1R2', 'PCBP2', {'weight': 0.768767693113532, 'cell_n': 185}), ('IL1R2', 'LTA4H', {'weight': 0.769281480229046, 'cell_n': 510}), ('IL1R2', 'HMGB1', {'weight': 0.770576841989083, 'cell_n': 257}), ('IL1R2', 'ITM2B', {'weight': 0.852748412273304, 'cell_n': 372}), ('IL1R2', 'KCTD12', {'weight': 0.75996204883187, 'cell_n': 436}), ('IL1R2', 'RNASE2', {'weight': 0.787960032276035, 'cell_n': 460}), ('IL1R2', 'NFKBIA', {'weight': 0.927645408882525, 'cell_n': 271}), ('IL1R2', 'ZFP36L1', {'weight': 0.973202217297651, 'cell_n': 75}), ('IL1R2', 'SERPINA1', {'weight': 0.875221902937953, 'cell_n': 167}), ('IL1R2', 'THBS1', {'weight': 0.746729780652738, 'cell_n': 421}), ('IL1R2', 'SRP14', {'weight': 0.804534230089499, 'cell_n': 185}), ('IL1R2', 'PKM', {'weight': 0.749453597088249, 'cell_n': 548}), ('IL1R2', 'IQGAP1', {'weight': 0.769341320262204, 'cell_n': 423}), ('IL1R2', 'ELOB', {'weight': 0.719769126165186, 'cell_n': 194}), ('IL1R2', 'EVI2B', {'weight': 0.789015945359619, 'cell_n': 514}), ('IL1R2', 'DDX5', {'weight': 0.749413145758174, 'cell_n': 591}), ('IL1R2', 'STXBP2', {'weight': 0.947433270656055, 'cell_n': 67}), ('IL1R2', 'JUNB', {'weight': 0.851912917602346, 'cell_n': 380}), ('IL1R2', 'JUND', {'weight': 0.814236904171696, 'cell_n': 177}), ('IL1R2', 'COX6B1', {'weight': 0.819765695569721, 'cell_n': 142}), ('IL1R2', 'GMFG', {'weight': 0.873438075097422, 'cell_n': 233}), ('IL1R2', 'BLVRB', {'weight': 0.704184416379465, 'cell_n': 171}), ('IL1R2', 'FCGRT', {'weight': 0.783676780825683, 'cell_n': 109}), ('IL1R2', 'MAFB', {'weight': 0.768451977655417, 'cell_n': 170}), ('IL1R2', 'CEBPB', {'weight': 0.827455879738634, 'cell_n': 181}), ('IL1R2', 'ATP5F1E', {'weight': 0.746840975666137, 'cell_n': 1436}), ('IL1R2', 'ITGB2', {'weight': 0.742549845320045, 'cell_n': 728}), ('IL1R2', 'DDX17', {'weight': 0.854254565414099, 'cell_n': 124}), ('IL1R2', 'TSPO', {'weight': 0.700572772365219, 'cell_n': 1315}), ('IL1R2', 'DDX3X', {'weight': 0.81497330555777, 'cell_n': 94}), ('IL1R2', 'PGK1', {'weight': 0.858239094080582, 'cell_n': 145}), ('IL1R2', 'TSC22D3', {'weight': 0.79254111235162, 'cell_n': 576}), ('IL1R2', 'SLC25A5', {'weight': 0.819556910820214, 'cell_n': 139}), ('ACTR3', 'IL1R2', {'weight': 0.926333232394913, 'cell_n': 88}), ('HCLS1', 'IL1R2', {'weight': 0.909391638993157, 'cell_n': 185}), ('CSTA', 'IL1R2', {'weight': 0.742709425869292, 'cell_n': 161}), ('MBNL1', 'IL1R2', {'weight': 0.886631341639151, 'cell_n': 79}), ('CCNI', 'IL1R2', {'weight': 0.775508283428833, 'cell_n': 218}), ('CAST', 'IL1R2', {'weight': 0.712800116935095, 'cell_n': 378}), ('H2AFY', 'IL1R2', {'weight': 0.822459240618078, 'cell_n': 329}), ('RPL10P9', 'IL1R2', {'weight': 0.712444047418041, 'cell_n': 223}), ('RNF130', 'IL1R2', {'weight': 0.804326507239098, 'cell_n': 98}), ('SERPINB1', 'IL1R2', {'weight': 0.80267016112807, 'cell_n': 775}), ('RIPOR2', 'IL1R2', {'weight': 0.928781781990565, 'cell_n': 202}), ('LST1', 'IL1R2', {'weight': 0.723110568982351, 'cell_n': 696})]"
17.human_TabulaSapiens,normal,Muscle,Endothelial Cell-Endocardial Cell,"[('TINAGL1', 'CDKN1A', {'weight': 0.790305884765916, 'cell_n': 166}), ('SCP2', 'CCL2', {'weight': 0.717911157447591, 'cell_n': 142}), ('FNBP1L', 'CDKN1A', {'weight': -0.701758427389523, 'cell_n': 107}), ('FNBP1L', 'CCL2', {'weight': 0.744846493411002, 'cell_n': 101}), ('RPL7P9', 'CDKN1A', {'weight': -0.743723855521287, 'cell_n': 256}), ('SLC30A7', 'CCL2', {'weight': 0.734393648060508, 'cell_n': 94}), ('GNAI3', 'CDKN1A', {'weight': -0.775601192867366, 'cell_n': 131}), ('ATP1A1', 'CDKN1A', {'weight': 0.799650178981155, 'cell_n': 723}), ('JTB', 'CCL2', {'weight': 0.72514702886611, 'cell_n': 148})]"
17.human_TabulaSapiens,normal,Muscle,Endothelial Cell-Global,"[('ID3', 'CDKN1A', {'weight': 0.86762911208403, 'cell_n': 153}), ('TINAGL1', 'CDKN1A', {'weight': 0.911575464446691, 'cell_n': 88}), ('CALM2', 'CDKN1A', {'weight': -0.726209196580313, 'cell_n': 145}), ('RPS27A', 'CDKN1A', {'weight': 0.741800618089466, 'cell_n': 179}), ('RPL31', 'CDKN1A', {'weight': -0.801360438084258, 'cell_n': 94}), ('TMSB4XP8', 'CDKN1A', {'weight': 0.770973950898631, 'cell_n': 101}), ('HLA-E', 'CDKN1A', {'weight': 0.816768490774428, 'cell_n': 222}), ('HLA-B', 'CDKN1A', {'weight': 0.772994211685743, 'cell_n': 219}), ('CDKN1A', 'TINAGL1', {'weight': 0.846400116384148, 'cell_n': 88}), ('CDKN1A', 'S1PR1', {'weight': -0.71747787653412, 'cell_n': 112}), ('CDKN1A', 'RPL31', {'weight': -0.738938615142462, 'cell_n': 94}), ('CDKN1A', 'HSP90AB1', {'weight': 0.749757421100999, 'cell_n': 294}), ('CDKN1A', 'HSPB1', {'weight': 0.705645540818028, 'cell_n': 237}), ('CDKN1A', 'GNG11', {'weight': -0.783131956686727, 'cell_n': 122}), ('CDKN1A', 'RPL7', {'weight': -0.738059821077105, 'cell_n': 104}), ('CDKN1A', 'DNAJA1', {'weight': 0.79470668788948, 'cell_n': 263}), ('CDKN1A', 'KLF6', {'weight': 0.738502846438179, 'cell_n': 102}), ('CDKN1A', 'CFL1', {'weight': 0.835650024348673, 'cell_n': 134}), ('CDKN1A', 'HSPA8', {'weight': 0.798114582976278, 'cell_n': 224}), ('CDKN1A', 'PTPRB', {'weight': -0.771807512408387, 'cell_n': 92}), ('CDKN1A', 'UBC', {'weight': 0.847514138621479, 'cell_n': 288}), ('CDKN1A', 'HMGB1', {'weight': -0.7835318670271, 'cell_n': 99}), ('CDKN1A', 'WARS', {'weight': 0.839340709985896, 'cell_n': 103}), ('CDKN1A', 'HSP90AA1', {'weight': 0.726172283281691, 'cell_n': 309}), ('CDKN1A', 'SERF2', {'weight': -0.745019128499716, 'cell_n': 111}), ('CDKN1A', 'DNAJB1', {'weight': 0.878245019857887, 'cell_n': 274}), ('RPL7', 'CDKN1A', {'weight': -0.773669573862721, 'cell_n': 104}), ('DNAJA1', 'CDKN1A', {'weight': 0.750812284952766, 'cell_n': 263}), ('KLF6', 'CDKN1A', {'weight': 0.84170763934125, 'cell_n': 102}), ('IFITM2', 'CDKN1A', {'weight': 0.713157593922224, 'cell_n': 209}), ('CFL1', 'CDKN1A', {'weight': 0.80214251209044, 'cell_n': 134}), ('HSPA8', 'CDKN1A', {'weight': 0.790146407687273, 'cell_n': 224}), ('PTPRB', 'CDKN1A', {'weight': -0.914123581641684, 'cell_n': 92}), ('UBC', 'CDKN1A', {'weight': 0.887263757972978, 'cell_n': 288}), ('HMGB1', 'CDKN1A', {'weight': -0.717516788490446, 'cell_n': 99})]"
17.human_TabulaSapiens,normal,Muscle,Fibroblast,"[('MTND1P23', 'CDKN1A', {'weight': 0.752184331562668, 'cell_n': 1532}), ('MTND1P23', 'MEG3', {'weight': 0.856527648301629, 'cell_n': 729}), ('MTCO1P12', 'MMP2', {'weight': -0.717953884143364, 'cell_n': 228}), ('MTATP6P1', 'MEG3', {'weight': 0.853127526158592, 'cell_n': 561}), ('SSU72', 'PLAUR', {'weight': -0.761207629425707, 'cell_n': 47}), ('RPL22', 'CDKN1A', {'weight': 0.750392234032769, 'cell_n': 422}), ('RPL22', 'MEG3', {'weight': 0.820898150826274, 'cell_n': 265}), ('KLHL21', 'CDKN1A', {'weight': 0.708396443493188, 'cell_n': 341}), ('KLHL21', 'MEG3', {'weight': 0.936694460546618, 'cell_n': 208}), ('ERRFI1', 'CDKN1A', {'weight': 0.768520026103339, 'cell_n': 366}), ('ENO1', 'PLAUR', {'weight': 0.789525855958094, 'cell_n': 107}), ('PLOD1', 'MEG3', {'weight': 0.720536947160768, 'cell_n': 112}), ('PLOD1', 'MMP2', {'weight': 0.806345469631062, 'cell_n': 133}), ('DHRS3', 'PLAUR', {'weight': 0.826447016670165, 'cell_n': 54}), ('ID3', 'CDKN1A', {'weight': 0.757227465978422, 'cell_n': 420}), ('ID3', 'MEG3', {'weight': 0.861376694885287, 'cell_n': 240}), ('ID3', 'PLAUR', {'weight': 0.841252604703495, 'cell_n': 80}), ('RPL11', 'CDKN1A', {'weight': 0.820656564497955, 'cell_n': 2374}), ('RPL11', 'MEG3', {'weight': 0.808911472661617, 'cell_n': 995}), ('NUDC', 'GPNMB', {'weight': 0.737348618250167, 'cell_n': 78}), ('NUDC', 'PLAUR', {'weight': 0.712703860041962, 'cell_n': 53}), ('THRAP3', 'CCL2', {'weight': -0.74695256278394, 'cell_n': 117}), ('NDUFS5', 'PLAUR', {'weight': 0.943778938308372, 'cell_n': 106}), ('TMSB4XP1', 'PLAUR', {'weight': 0.958878974495636, 'cell_n': 70}), ('YBX1', 'CDKN1A', {'weight': 0.802369036288024, 'cell_n': 690}), ('YBX1', 'MEG3', {'weight': 0.809180177706713, 'cell_n': 427}), ('RPS8', 'CDKN1A', {'weight': 0.812690486722897, 'cell_n': 2404}), ('RPS8', 'MEG3', {'weight': 0.777569019870098, 'cell_n': 1019}), ('RPS8', 'PLAUR', {'weight': 0.776498993632737, 'cell_n': 146}), ('TMEM59', 'CDKN1A', {'weight': -0.737231482448903, 'cell_n': 278}), ('JUN', 'CDKN1A', {'weight': 0.800974789883242, 'cell_n': 832}), ('JUN', 'MEG3', {'weight': 0.82306995522365, 'cell_n': 395}), ('JUN', 'PLAUR', {'weight': -0.720002649766422, 'cell_n': 102}), ('NFIA', 'MEG3', {'weight': 0.763104514915986, 'cell_n': 279}), ('SERBP1', 'CDKN1A', {'weight': 0.854915587561504, 'cell_n': 322}), ('SERBP1', 'MEG3', {'weight': 0.858755749724367, 'cell_n': 230}), ('LMO4', 'CDKN1A', {'weight': 0.855981066621091, 'cell_n': 131}), ('LMO4', 'MEG3', {'weight': 0.73838035462505, 'cell_n': 102}), ('LMO4', 'CCL2', {'weight': 0.705447766075439, 'cell_n': 107}), ('LMO4', 'PLAUR', {'weight': 0.725507919180419, 'cell_n': 44}), ('TGFBR3', 'PLAUR', {'weight': -0.784019871040232, 'cell_n': 114}), ('ATP1A1', 'CDKN1A', {'weight': 0.774097791298474, 'cell_n': 274}), ('MCL1', 'CDKN1A', {'weight': 0.84990695621485, 'cell_n': 558}), ('MCL1', 'MEG3', {'weight': 0.856431815282327, 'cell_n': 347}), ('S100A10', 'MEG3', {'weight': 0.755610377852069, 'cell_n': 639}), ('S100A10', 'PLAUR', {'weight': 0.754938658909185, 'cell_n': 125}), ('S100A6', 'MEG3', {'weight': 0.752493988312734, 'cell_n': 1018}), ('S100A4', 'CDKN1A', {'weight': 0.734458153451969, 'cell_n': 1783}), ('S100A4', 'MEG3', {'weight': 0.832775395435501, 'cell_n': 746}), ('S100A4', 'PLAUR', {'weight': 0.810903774813873, 'cell_n': 118}), ('S100A13', 'CDKN1A', {'weight': 0.703602425654961, 'cell_n': 539}), ('S100A13', 'MEG3', {'weight': 0.779673835256544, 'cell_n': 344}), ('RPS27', 'CDKN1A', {'weight': 0.796685200032898, 'cell_n': 2414}), ('RPS27', 'MEG3', {'weight': 0.754596543076177, 'cell_n': 1016}), ('LMNA', 'CDKN1A', {'weight': 0.841676870147552, 'cell_n': 698}), ('LMNA', 'MEG3', {'weight': 0.736557755370781, 'cell_n': 425}), ('LMNA', 'MMP2', {'weight': 0.807744247117698, 'cell_n': 499}), ('IFI16', 'CDKN1A', {'weight': 0.779618595807713, 'cell_n': 630}), ('IFI16', 'MEG3', {'weight': 0.85822370829656, 'cell_n': 373}), ('DDR2', 'MEG3', {'weight': 0.830607524123069, 'cell_n': 135}), ('DDR2', 'CCL2', {'weight': -0.821439349386441, 'cell_n': 131}), ('DPT', 'CDKN1A', {'weight': 0.752750725070539, 'cell_n': 381}), ('DPT', 'MEG3', {'weight': 0.719683202553689, 'cell_n': 235})]"
17.human_TabulaSapiens,normal,Muscle,Immune Cells-T Cell-Cd8+ T Cell,"[('CD52', 'CCL5', {'weight': 0.819457814942341, 'cell_n': 115}), ('TMSB4XP1', 'CCL5', {'weight': 0.902072531672747, 'cell_n': 102}), ('PDE4B', 'CCL5', {'weight': -0.724532578665609, 'cell_n': 60}), ('RPL5', 'CCL5', {'weight': 0.7319655309856, 'cell_n': 135}), ('S100A11', 'CCL5', {'weight': 0.935640591141645, 'cell_n': 94}), ('S100A6', 'CCL5', {'weight': 0.760067806016642, 'cell_n': 111}), ('SNRPGP10', 'CCL5', {'weight': 0.964114812902421, 'cell_n': 65}), ('PDCL3', 'CCL5', {'weight': 0.753492884837867, 'cell_n': 71}), ('AC007969.1', 'CCL5', {'weight': 0.825933627818119, 'cell_n': 76}), ('EEF1B2', 'CCL5', {'weight': 0.72366211401567, 'cell_n': 80}), ('HMGB1P5', 'CCL5', {'weight': 0.703004290685156, 'cell_n': 108}), ('AC099560.2', 'CCL5', {'weight': 0.859927681367162, 'cell_n': 75}), ('AC073861.1', 'CCL5', {'weight': 0.734453083097893, 'cell_n': 83}), ('TMSB4XP8', 'CCL5', {'weight': 0.810167213078754, 'cell_n': 162}), ('BTF3', 'CCL5', {'weight': 0.782034586406208, 'cell_n': 94}), ('HINT1', 'CCL5', {'weight': 0.824989402862997, 'cell_n': 90})]"
17.human_TabulaSapiens,normal,Muscle,Progenitor Cells,"[('MTND2P28', 'CDKN1A', {'weight': -0.865491645964129, 'cell_n': 140}), ('MTND2P28', 'MMP2', {'weight': -0.805326653988448, 'cell_n': 110}), ('RPL11', 'CDKN1A', {'weight': 0.852500427453834, 'cell_n': 639}), ('RPS8', 'CDKN1A', {'weight': 0.788031190678461, 'cell_n': 650}), ('JUN', 'CDKN1A', {'weight': 0.85383503705789, 'cell_n': 322}), ('JUN', 'MMP2', {'weight': 0.855468376384631, 'cell_n': 127}), ('S100A6', 'CDKN1A', {'weight': 0.705675099123696, 'cell_n': 651}), ('S100A6', 'MMP2', {'weight': 0.764882219929326, 'cell_n': 205}), ('RPS27', 'CDKN1A', {'weight': 0.793244176593802, 'cell_n': 659}), ('ATF3', 'CDKN1A', {'weight': 0.807372385087299, 'cell_n': 324}), ('VIT', 'CDKN1A', {'weight': -0.724080122955752, 'cell_n': 120}), ('RPS27A', 'CDKN1A', {'weight': 0.846157000217623, 'cell_n': 640}), ('TMSB10', 'CDKN1A', {'weight': 0.77282392941494, 'cell_n': 482}), ('RPL37A', 'CDKN1A', {'weight': 0.744028686375009, 'cell_n': 652}), ('RPL32', 'CDKN1A', {'weight': 0.757647400078189, 'cell_n': 653}), ('RPSA', 'CDKN1A', {'weight': 0.751984222064732, 'cell_n': 372}), ('RPL29', 'CDKN1A', {'weight': 0.801354807252679, 'cell_n': 606})]"
17.human_TabulaSapiens,normal,Muscle,Satellite Cell,"[('MTND2P28', 'CDKN1A', {'weight': -0.721628881450091, 'cell_n': 122}), ('RPL11', 'CDKN1A', {'weight': 0.870586773198265, 'cell_n': 300}), ('RPL11', 'MEG3', {'weight': 0.785075690925349, 'cell_n': 489}), ('SFPQ', 'MEG3', {'weight': 0.838547074361896, 'cell_n': 149}), ('NDUFS5', 'MEG3', {'weight': -0.700016228874198, 'cell_n': 119}), ('RPS8', 'CDKN1A', {'weight': 0.784531579237068, 'cell_n': 316}), ('RPL7P9', 'MEG3', {'weight': -0.773731699306739, 'cell_n': 123}), ('S100A10', 'MEG3', {'weight': 0.797728407098249, 'cell_n': 206}), ('HNRNPU', 'CDKN1A', {'weight': 0.802038693728183, 'cell_n': 189}), ('RPS27A', 'CDKN1A', {'weight': 0.802591884214463, 'cell_n': 322}), ('RPL37A', 'CDKN1A', {'weight': 0.814506189798439, 'cell_n': 325}), ('RPL37A', 'MEG3', {'weight': 0.724353671075299, 'cell_n': 507}), ('IGFBP5', 'CDKN1A', {'weight': 0.755316969140673, 'cell_n': 245}), ('IGFBP5', 'MEG3', {'weight': 0.760255704677804, 'cell_n': 387}), ('RPL14', 'CDKN1A', {'weight': 0.79738140573529, 'cell_n': 305}), ('RPL24', 'CDKN1A', {'weight': 0.772317815610516, 'cell_n': 309}), ('RPL24', 'MEG3', {'weight': 0.795994896326036, 'cell_n': 490}), ('LPP', 'MEG3', {'weight': 0.792929192310786, 'cell_n': 116}), ('RPL35A', 'CDKN1A', {'weight': 0.813018318642912, 'cell_n': 320}), ('RPL9', 'CDKN1A', {'weight': 0.785171764800848, 'cell_n': 312}), ('RPL37', 'CDKN1A', {'weight': 0.765253189728501, 'cell_n': 324}), ('RPL37', 'MEG3', {'weight': 0.746193722424245, 'cell_n': 505}), ('RPL10P9', 'CDKN1A', {'weight': 0.712018985155086, 'cell_n': 221}), ('RPL10P9', 'MEG3', {'weight': 0.708077001037126, 'cell_n': 279}), ('RPL15P3', 'CDKN1A', {'weight': -0.7831065131444, 'cell_n': 114}), ('RPS10', 'MEG3', {'weight': 0.700569426564343, 'cell_n': 187}), ('CDKN1A', 'MTND1P23', {'weight': 0.732476424117114, 'cell_n': 237}), ('CDKN1A', 'RPL11', {'weight': 0.80444892011436, 'cell_n': 300}), ('CDKN1A', 'RPS8', {'weight': 0.763253201167402, 'cell_n': 316}), ('CDKN1A', 'HNRNPU', {'weight': 0.760792850480042, 'cell_n': 189}), ('CDKN1A', 'RPL37A', {'weight': 0.720177047969711, 'cell_n': 325}), ('CDKN1A', 'IGFBP5', {'weight': 0.76047161462147, 'cell_n': 245}), ('CDKN1A', 'RPL14', {'weight': 0.70253338690309, 'cell_n': 305}), ('CDKN1A', 'RPL24', {'weight': 0.73434699310124, 'cell_n': 309}), ('CDKN1A', 'RPL35A', {'weight': 0.721801680167105, 'cell_n': 320}), ('CDKN1A', 'FOXO3', {'weight': 0.71112306025319, 'cell_n': 87}), ('CDKN1A', 'HNRNPA2B1', {'weight': 0.78448833915461, 'cell_n': 243}), ('CDKN1A', 'RPL30', {'weight': 0.705881999911323, 'cell_n': 319}), ('CDKN1A', 'SAR1A', {'weight': 0.813536693272251, 'cell_n': 112}), ('CDKN1A', 'FAU', {'weight': 0.74713249796433, 'cell_n': 306}), ('CDKN1A', 'CD63', {'weight': -0.729807459199207, 'cell_n': 273}), ('CDKN1A', 'RPS26', {'weight': 0.735508152656499, 'cell_n': 277}), ('CDKN1A', 'RPL41', {'weight': 0.751457271548125, 'cell_n': 328}), ('CDKN1A', 'RPL6', {'weight': 0.714595756928091, 'cell_n': 285}), ('CDKN1A', 'TPT1', {'weight': 0.719066051829594, 'cell_n': 324}), ('CDKN1A', 'RPS29', {'weight': 0.713070191978188, 'cell_n': 277}), ('CDKN1A', 'ZFP36L1', {'weight': 0.707564945075642, 'cell_n': 305}), ('CDKN1A', 'MEG3', {'weight': 0.90813481753155, 'cell_n': 210}), ('CDKN1A', 'RPS15A', {'weight': 0.736140551306533, 'cell_n': 296}), ('CDKN1A', 'RPL23', {'weight': 0.729461700437283, 'cell_n': 320}), ('CDKN1A', 'RPL38', {'weight': 0.762617797917508, 'cell_n': 269}), ('CDKN1A', 'JUNB', {'weight': 0.852672445611154, 'cell_n': 157}), ('CDKN1A', 'JUND', {'weight': 0.797965298206853, 'cell_n': 177}), ('CDKN1A', 'FOSB', {'weight': 0.815952700635357, 'cell_n': 252}), ('CDKN1A', 'RPL28', {'weight': 0.767249445472924, 'cell_n': 277}), ('CDKN1A', 'RPS21', {'weight': 0.714786229805904, 'cell_n': 300}), ('CDKN1A', 'RPL39', {'weight': 0.72736906898252, 'cell_n': 316}), ('CDKN1A', 'MT-CO1', {'weight': -0.732863027802847, 'cell_n': 330}), ('CDKN1A', 'MT-ATP6', {'weight': 0.763603253785043, 'cell_n': 330}), ('CDKN1A', 'MT-ND3', {'weight': 0.73462287094091, 'cell_n': 275}), ('FOXO3', 'CDKN1A', {'weight': 0.819456275629259, 'cell_n': 87}), ('SOD2', 'CDKN1A', {'weight': 0.740139761323916, 'cell_n': 250}), ('SOD2', 'MEG3', {'weight': 0.829889100546978, 'cell_n': 321}), ('TRA2A', 'MEG3', {'weight': 0.77881713725072, 'cell_n': 113}), ('HNRNPA2B1', 'CDKN1A', {'weight': 0.797373064284685, 'cell_n': 243})]"
17.human_TabulaSapiens,normal,Muscle,Smooth Muscle Cells,"[('RPS27', 'CCL2', {'weight': -0.730965453768099, 'cell_n': 360}), ('CALM2', 'CCL2', {'weight': 0.704518256647211, 'cell_n': 191}), ('IGFBP7', 'CCL2', {'weight': 0.816536414302345, 'cell_n': 387}), ('EEF1A1', 'CCL2', {'weight': -0.8002439105552, 'cell_n': 388}), ('SERPING1', 'CCL2', {'weight': 0.882351829315201, 'cell_n': 115}), ('RPL41', 'CCL2', {'weight': -0.790078294451412, 'cell_n': 391}), ('RPLP1', 'CCL2', {'weight': -0.818558527560709, 'cell_n': 381}), ('CCL2', 'RPS27', {'weight': -0.709883334293509, 'cell_n': 360}), ('CCL2', 'ADAMTS4', {'weight': 0.804682531323123, 'cell_n': 311}), ('CCL2', 'IGFBP7', {'weight': 0.823450338236006, 'cell_n': 387}), ('CCL2', 'EEF1A1', {'weight': -0.754831515454793, 'cell_n': 388}), ('CCL2', 'SERPING1', {'weight': 0.897976632254596, 'cell_n': 115}), ('CCL2', 'RPL41', {'weight': -0.807344401764542, 'cell_n': 391}), ('CCL2', 'RPLP1', {'weight': -0.74906982531521, 'cell_n': 381}), ('CCL2', 'RPL23', {'weight': -0.704561173267734, 'cell_n': 277}), ('CCL2', 'RPS11', {'weight': -0.774453395132849, 'cell_n': 294}), ('CCL2', 'MYL9', {'weight': -0.765364156570648, 'cell_n': 161}), ('CCL2', 'MT-CO1', {'weight': 0.824259368349004, 'cell_n': 397}), ('CCL2', 'MT-CO3', {'weight': 0.750176876232965, 'cell_n': 406}), ('RPL23', 'CCL2', {'weight': -0.785878627266691, 'cell_n': 277}), ('RPS11', 'CCL2', {'weight': -0.799476334341415, 'cell_n': 294}), ('MT-CO1', 'CCL2', {'weight': 0.798341579865699, 'cell_n': 397}), ('MT-CO3', 'CCL2', {'weight': 0.73294521875361, 'cell_n': 406})]"
HCA.human_disease.PulmonaryFibrosisGSE135893,disease,Lung,Endothelial Cell-Endocardial Cell,"[('FCN3', 'CDKN1A', {'weight': -1.0, 'cell_n': 14}), ('PRDX1', 'CDKN1A', {'weight': 1.0, 'cell_n': 16}), ('JUN', 'CDKN1A', {'weight': 0.889278174247812, 'cell_n': 98}), ('S100A4', 'CDKN1A', {'weight': 1.0, 'cell_n': 14}), ('TAGLN2', 'CDKN1A', {'weight': 0.962707318291205, 'cell_n': 62}), ('H3F3A', 'CDKN1A', {'weight': 0.926705501246185, 'cell_n': 62}), ('RHOB', 'CDKN1A', {'weight': 0.930191792882589, 'cell_n': 56}), ('EPAS1', 'CDKN1A', {'weight': 0.884848649429125, 'cell_n': 66}), ('CALCRL', 'CDKN1A', {'weight': 0.731971084926683, 'cell_n': 48}), ('EEF1B2', 'CDKN1A', {'weight': 0.929189592361735, 'cell_n': 62}), ('RHOA', 'CDKN1A', {'weight': 0.918616216070005, 'cell_n': 34}), ('HYAL2', 'CDKN1A', {'weight': 1.0, 'cell_n': 19}), ('SLCO2A1', 'CDKN1A', {'weight': 1.0, 'cell_n': 11}), ('TM4SF1', 'CDKN1A', {'weight': 0.880289961893187, 'cell_n': 93}), ('EMCN', 'CDKN1A', {'weight': 1.0, 'cell_n': 14}), ('BTF3', 'CDKN1A', {'weight': 0.922529115991648, 'cell_n': 57}), ('EGR1', 'CDKN1A', {'weight': 0.980509323333545, 'cell_n': 55}), ('SPARC', 'CDKN1A', {'weight': 0.767658201333856, 'cell_n': 39}), ('HLA-A', 'CDKN1A', {'weight': 0.888802157847474, 'cell_n': 118}), ('HLA-E', 'CDKN1A', {'weight': 0.925756477342349, 'cell_n': 116}), ('HLA-C', 'CDKN1A', {'weight': 0.887872323978046, 'cell_n': 122}), ('HSPA1A', 'CDKN1A', {'weight': 0.967935269212749, 'cell_n': 89}), ('HSPA1B', 'CDKN1A', {'weight': 0.96739181812821, 'cell_n': 69}), ('RPS10', 'CDKN1A', {'weight': 0.903729137226068, 'cell_n': 94}), ('RPL10A', 'CDKN1A', {'weight': 0.795935450154583, 'cell_n': 76}), ('CDKN1A', 'FCN3', {'weight': 1.0, 'cell_n': 14}), ('CDKN1A', 'PRDX1', {'weight': 1.0, 'cell_n': 16}), ('CDKN1A', 'JUN', {'weight': 0.960756928609578, 'cell_n': 98}), ('CDKN1A', 'S100A4', {'weight': 1.0, 'cell_n': 14}), ('CDKN1A', 'H3F3A', {'weight': 0.938072849597386, 'cell_n': 62}), ('CDKN1A', 'RHOB', {'weight': 0.77052855983474, 'cell_n': 56}), ('CDKN1A', 'EPAS1', {'weight': 0.927891274061995, 'cell_n': 66}), ('CDKN1A', 'EEF1B2', {'weight': 0.950010796443925, 'cell_n': 62}), ('CDKN1A', 'RHOA', {'weight': 0.96631450380062, 'cell_n': 34}), ('CDKN1A', 'HYAL2', {'weight': 1.0, 'cell_n': 19}), ('CDKN1A', 'RPL24', {'weight': 0.815410250767684, 'cell_n': 81}), ('CDKN1A', 'SLCO2A1', {'weight': 1.0, 'cell_n': 11}), ('CDKN1A', 'EMCN', {'weight': 1.0, 'cell_n': 14}), ('CDKN1A', 'BTF3', {'weight': 0.885915815259217, 'cell_n': 57}), ('CDKN1A', 'EGR1', {'weight': 0.98586690646024, 'cell_n': 55}), ('CDKN1A', 'GPX3', {'weight': 0.913487544473606, 'cell_n': 26}), ('CDKN1A', 'HLA-A', {'weight': 0.887775525374922, 'cell_n': 118}), ('CDKN1A', 'HLA-E', {'weight': 0.944893849060103, 'cell_n': 116}), ('CDKN1A', 'HLA-C', {'weight': 0.74114731488973, 'cell_n': 122}), ('CDKN1A', 'HLA-B', {'weight': 0.858309292064825, 'cell_n': 130}), ('CDKN1A', 'HSPA1A', {'weight': 0.95974594496874, 'cell_n': 89}), ('CDKN1A', 'HSPA1B', {'weight': 0.94769798861448, 'cell_n': 69}), ('CDKN1A', 'RPS10', {'weight': 0.786639362156775, 'cell_n': 94}), ('CDKN1A', 'RPL10A', {'weight': 0.921202259841985, 'cell_n': 76}), ('CDKN1A', 'EEF1A1', {'weight': -0.798717834035304, 'cell_n': 134}), ('CDKN1A', 'AQP1', {'weight': 0.918434912380204, 'cell_n': 42}), ('CDKN1A', 'PPIA', {'weight': 0.869954147640169, 'cell_n': 78}), ('CDKN1A', 'RAMP3', {'weight': 1.0, 'cell_n': 13}), ('CDKN1A', 'HSPB1', {'weight': 0.934022125424665, 'cell_n': 61}), ('CDKN1A', 'TIMP1', {'weight': 0.755129496900042, 'cell_n': 36}), ('CDKN1A', 'CLU', {'weight': 0.774043479260544, 'cell_n': 55}), ('CDKN1A', 'RPL7', {'weight': 0.875588335825303, 'cell_n': 56}), ('CDKN1A', 'EEF1D', {'weight': 0.999427052291348, 'cell_n': 21}), ('CDKN1A', 'IL33', {'weight': 0.848643200203261, 'cell_n': 38}), ('CDKN1A', 'KLF4', {'weight': 0.924731091293708, 'cell_n': 36}), ('CDKN1A', 'GSN', {'weight': 0.764542851338452, 'cell_n': 44}), ('CDKN1A', 'RPL35', {'weight': 0.931264794989392, 'cell_n': 70}), ('CDKN1A', 'ENG', {'weight': 0.976591703970605, 'cell_n': 30}), ('CDKN1A', 'EGFL7', {'weight': 0.964159484611085, 'cell_n': 46}), ('CDKN1A', 'IFITM3', {'weight': 0.849212699608152, 'cell_n': 132}), ('CDKN1A', 'CD59', {'weight': 0.994656873875906, 'cell_n': 40}), ('CDKN1A', 'EEF1G', {'weight': 0.939562729418283, 'cell_n': 30}), ('CDKN1A', 'CFL1', {'weight': 0.802573284169589, 'cell_n': 50}), ('CDKN1A', 'GSTP1', {'weight': 1.0, 'cell_n': 13}), ('CDKN1A', 'SRGN', {'weight': 0.936655339872009, 'cell_n': 65}), ('CDKN1A', 'NR4A1', {'weight': 0.941618122943587, 'cell_n': 42}), ('CDKN1A', 'RPS26', {'weight': 0.790609928665251, 'cell_n': 50}), ('CDKN1A', 'RPL41', {'weight': 0.907036537765828, 'cell_n': 62}), ('CDKN1A', 'MYL6', {'weight': 0.79307942238999, 'cell_n': 93}), ('CDKN1A', 'CLEC14A', {'weight': 0.967457790711758, 'cell_n': 30}), ('CDKN1A', 'LGALS3', {'weight': 0.987057582513217, 'cell_n': 31}), ('CDKN1A', 'NPC2', {'weight': 0.895111204797758, 'cell_n': 28}), ('CDKN1A', 'FOS', {'weight': 0.923714081588535, 'cell_n': 118}), ('CDKN1A', 'IFI27', {'weight': 0.872968971108872, 'cell_n': 85}), ('CDKN1A', 'HSP90AA1', {'weight': 0.916388845710676, 'cell_n': 69}), ('CDKN1A', 'CRIP2', {'weight': 0.842502782339085, 'cell_n': 35}), ('CDKN1A', 'SRP14', {'weight': 0.917387439103543, 'cell_n': 41}), ('CDKN1A', 'B2M', {'weight': 0.813231566184032, 'cell_n': 136}), ('CDKN1A', 'MT1X', {'weight': 0.968628500387066, 'cell_n': 47}), ('CDKN1A', 'EIF1', {'weight': 0.881196792727912, 'cell_n': 105}), ('CDKN1A', 'RAMP2', {'weight': 0.964102696911534, 'cell_n': 46}), ('CDKN1A', 'NME2', {'weight': 0.810650360981217, 'cell_n': 35}), ('CDKN1A', 'PECAM1', {'weight': 0.798483953989319, 'cell_n': 80}), ('CDKN1A', 'SOCS3', {'weight': 0.92659862853765, 'cell_n': 82}), ('CDKN1A', 'MYL12A', {'weight': 0.730550673901063, 'cell_n': 70}), ('CDKN1A', 'PPDPF', {'weight': 1.0, 'cell_n': 20}), ('CDKN1A', 'GADD45B', {'weight': 0.931781729965082, 'cell_n': 87}), ('CDKN1A', 'JUNB', {'weight': 0.953851475554138, 'cell_n': 126}), ('CDKN1A', 'IER2', {'weight': 0.96686313167063, 'cell_n': 71}), ('CDKN1A', 'DNAJB1', {'weight': 0.838399506624457, 'cell_n': 47}), ('CDKN1A', 'KLF2', {'weight': 0.991790781854367, 'cell_n': 49}), ('CDKN1A', 'BST2', {'weight': 0.97506070793909, 'cell_n': 25}), ('CDKN1A', 'ZFP36', {'weight': 0.908908256246702, 'cell_n': 130}), ('CDKN1A', 'RPL18', {'weight': 0.739208659573214, 'cell_n': 101}), ('CDKN1A', 'CLDN5', {'weight': 0.990803181465777, 'cell_n': 65}), ('CDKN1A', 'TIMP3', {'weight': 0.961725930301244, 'cell_n': 58}), ('CDKN1A', 'APP', {'weight': 0.78202493246694, 'cell_n': 33}), ('CDKN1A', 'MT-ND1', {'weight': 0.889630238930185, 'cell_n': 82}), ('AQP1', 'CDKN1A', {'weight': 0.90600518155063, 'cell_n': 42}), ('RAMP3', 'CDKN1A', {'weight': 1.0, 'cell_n': 13}), ('HSPB1', 'CDKN1A', {'weight': 0.911273696009757, 'cell_n': 61}), ('AC090498.1', 'CDKN1A', {'weight': -0.706104870012007, 'cell_n': 105}), ('TIMP1', 'CDKN1A', {'weight': 0.896976151953371, 'cell_n': 36}), ('RPL39', 'CDKN1A', {'weight': -0.73327263345625, 'cell_n': 98}), ('RPL7', 'CDKN1A', {'weight': 0.927811945948688, 'cell_n': 56}), ('EEF1D', 'CDKN1A', {'weight': 0.975860987632549, 'cell_n': 21}), ('IL33', 'CDKN1A', {'weight': 0.993485388005614, 'cell_n': 38}), ('KLF4', 'CDKN1A', {'weight': 0.927795090793703, 'cell_n': 36})]"
HCA.human_disease.PulmonaryFibrosisGSE135893,disease,Lung,Hepatocyte,"[('RPL22', 'ICAM1', {'weight': 0.838053085131466, 'cell_n': 255}), ('ENO1', 'ICAM1', {'weight': 0.910684198189311, 'cell_n': 74}), ('ALPL', 'ICAM1', {'weight': 0.98416885808402, 'cell_n': 44}), ('SH3BGRL3', 'ICAM1', {'weight': 1.0, 'cell_n': 12}), ('HMGN2', 'ICAM1', {'weight': 1.0, 'cell_n': 19}), ('SFN', 'ICAM1', {'weight': 0.988070078573018, 'cell_n': 34}), ('ATPIF1', 'ICAM1', {'weight': 1.0, 'cell_n': 12}), ('PRDX1', 'ICAM1', {'weight': 0.990184208400799, 'cell_n': 51}), ('DHCR24', 'ICAM1', {'weight': 0.975514584504249, 'cell_n': 58}), ('JUN', 'ICAM1', {'weight': 0.882592755300369, 'cell_n': 267}), ('GNG5', 'ICAM1', {'weight': 0.836107090251995, 'cell_n': 106}), ('TXNIP', 'ICAM1', {'weight': 0.950214691482169, 'cell_n': 77}), ('S100A10', 'ICAM1', {'weight': 0.91696224546705, 'cell_n': 152}), ('S100A11', 'ICAM1', {'weight': 0.808056253500202, 'cell_n': 187}), ('S100A4', 'ICAM1', {'weight': 1.0, 'cell_n': 18}), ('MUC1', 'ICAM1', {'weight': 0.896835061417091, 'cell_n': 310}), ('LMNA', 'ICAM1', {'weight': 0.995945128174733, 'cell_n': 53}), ('TAGLN2', 'ICAM1', {'weight': 0.911987581628, 'cell_n': 52}), ('CHI3L1', 'ICAM1', {'weight': 0.977517373248586, 'cell_n': 36}), ('C4BPA', 'ICAM1', {'weight': 0.965197399639199, 'cell_n': 39}), ('CD55', 'ICAM1', {'weight': 0.948125383860807, 'cell_n': 47}), ('H3F3A', 'ICAM1', {'weight': 0.87171587017064, 'cell_n': 142}), ('OST4', 'ICAM1', {'weight': 0.94013429932581, 'cell_n': 56}), ('CALM2', 'ICAM1', {'weight': 0.971382565085521, 'cell_n': 88}), ('TMSB10', 'ICAM1', {'weight': 0.732242352391644, 'cell_n': 241}), ('DBI', 'ICAM1', {'weight': 0.796581973606774, 'cell_n': 235}), ('TFPI', 'ICAM1', {'weight': 0.852128038736711, 'cell_n': 50}), ('ARPC2', 'ICAM1', {'weight': 0.898636560088669, 'cell_n': 97}), ('TMA7', 'ICAM1', {'weight': 0.868887900730013, 'cell_n': 79}), ('GPX1', 'ICAM1', {'weight': 0.974677243888449, 'cell_n': 105}), ('RHOA', 'ICAM1', {'weight': 0.93630606367732, 'cell_n': 63}), ('CLDN18', 'ICAM1', {'weight': 0.945495327670926, 'cell_n': 84}), ('TM4SF1', 'ICAM1', {'weight': 0.756388348630142, 'cell_n': 53}), ('LAMP3', 'ICAM1', {'weight': 0.904331828205732, 'cell_n': 178}), ('ATP13A4-AS1', 'ICAM1', {'weight': 1.0, 'cell_n': 12}), ('SLC34A2', 'ICAM1', {'weight': 0.854257649950469, 'cell_n': 445}), ('CXCL2', 'ICAM1', {'weight': 0.801062458871517, 'cell_n': 394}), ('AREG', 'ICAM1', {'weight': 0.837118386800576, 'cell_n': 122}), ('SLC39A8', 'ICAM1', {'weight': 0.958610887398545, 'cell_n': 39}), ('MSMO1', 'ICAM1', {'weight': 0.995728875303927, 'cell_n': 27}), ('LPCAT1', 'ICAM1', {'weight': 0.838056098907104, 'cell_n': 113}), ('COX7C', 'ICAM1', {'weight': 0.784385723797078, 'cell_n': 183}), ('HINT1', 'ICAM1', {'weight': 0.726672928245177, 'cell_n': 90}), ('UQCRQ', 'ICAM1', {'weight': 0.944060972454735, 'cell_n': 75}), ('SKP1', 'ICAM1', {'weight': 0.950534924332843, 'cell_n': 37}), ('EGR1', 'ICAM1', {'weight': 0.943112120214784, 'cell_n': 88}), ('RNF145', 'ICAM1', {'weight': 0.788266334675495, 'cell_n': 35}), ('ATP6V0E1', 'ICAM1', {'weight': 0.914635327684007, 'cell_n': 62}), ('SQSTM1', 'ICAM1', {'weight': 0.933283210443804, 'cell_n': 135}), ('SCGB3A1', 'ICAM1', {'weight': 0.797521794309036, 'cell_n': 136}), ('SERPINB1', 'ICAM1', {'weight': 0.98722583683118, 'cell_n': 38}), ('HLA-A', 'ICAM1', {'weight': 0.826473216771272, 'cell_n': 94}), ('HLA-C', 'ICAM1', {'weight': 0.94312682458748, 'cell_n': 90}), ('HLA-B', 'ICAM1', {'weight': 0.829116691439724, 'cell_n': 120}), ('HLA-DRB5', 'ICAM1', {'weight': 0.950980069902604, 'cell_n': 62}), ('HLA-DRB1', 'ICAM1', {'weight': 0.91211836695286, 'cell_n': 115}), ('HLA-DPA1', 'ICAM1', {'weight': 0.753860966186481, 'cell_n': 69}), ('HLA-DPB1', 'ICAM1', {'weight': 0.968930687855574, 'cell_n': 46})]"
HCA.human_disease.PulmonaryFibrosisGSE135893,disease,Lung,Immune Cells-Monocyte,"[('ENO1', 'PLAUR', {'weight': 0.709363536167405, 'cell_n': 524}), ('HMGN2', 'PLAUR', {'weight': 0.742721872520929, 'cell_n': 272}), ('IFI6', 'PLAUR', {'weight': 0.835642944125996, 'cell_n': 521}), ('FABP3', 'PLAUR', {'weight': 0.717292664045465, 'cell_n': 65}), ('NDUFS5', 'PLAUR', {'weight': 0.710752568277266, 'cell_n': 183}), ('CAP1', 'PLAUR', {'weight': 0.823262220659498, 'cell_n': 177}), ('JUN', 'PLAUR', {'weight': 0.82277707507923, 'cell_n': 1138}), ('GNG5', 'PLAUR', {'weight': 0.817700443975154, 'cell_n': 1005}), ('C1orf162', 'PLAUR', {'weight': 0.817498483554688, 'cell_n': 239}), ('TXNIP', 'PLAUR', {'weight': 0.752446826417035, 'cell_n': 747}), ('MCL1', 'PLAUR', {'weight': 0.92820799516452, 'cell_n': 281}), ('CTSS', 'GPNMB', {'weight': 0.936584991088794, 'cell_n': 1491}), ('S100A9', 'PLAUR', {'weight': 0.81614412528652, 'cell_n': 569}), ('S100A8', 'PLAUR', {'weight': 0.817952590870158, 'cell_n': 511}), ('TPM3', 'PLAUR', {'weight': 0.838353242377837, 'cell_n': 460}), ('LMNA', 'PLAUR', {'weight': 0.758364115684214, 'cell_n': 649}), ('FCGR3A', 'GPNMB', {'weight': 0.846842549527695, 'cell_n': 125}), ('FCGR3A', 'PLAUR', {'weight': 0.868483111053779, 'cell_n': 183}), ('BTG2', 'GPNMB', {'weight': 0.814837319668629, 'cell_n': 28}), ('BTG2', 'PLAUR', {'weight': 0.941522742365166, 'cell_n': 85}), ('ATF3', 'PLAUR', {'weight': 0.766966967225828, 'cell_n': 606}), ('H3F3A', 'PLAUR', {'weight': 0.744033418721659, 'cell_n': 1399}), ('ARF1', 'PLAUR', {'weight': 0.814163792634188, 'cell_n': 150}), ('RHOB', 'PLAUR', {'weight': 0.736757330811301, 'cell_n': 598}), ('RTN4', 'PLAUR', {'weight': 0.819656702758968, 'cell_n': 306}), ('CCDC88A', 'GPNMB', {'weight': 0.711156171537577, 'cell_n': 114}), ('CCDC88A', 'PLAUR', {'weight': 0.807262516713545, 'cell_n': 96}), ('CAPG', 'GPNMB', {'weight': 0.89984159608312, 'cell_n': 1578}), ('MARCO', 'GPNMB', {'weight': 0.727044236349491, 'cell_n': 887}), ('CXCR4', 'GPNMB', {'weight': 0.890027478340527, 'cell_n': 62}), ('CXCR4', 'PLAUR', {'weight': 0.913467922685704, 'cell_n': 153}), ('HSPE1', 'PLAUR', {'weight': 0.903727903250115, 'cell_n': 160}), ('SLC11A1', 'GPNMB', {'weight': 0.770285093778546, 'cell_n': 341}), ('SLC11A1', 'PLAUR', {'weight': 0.932965525051136, 'cell_n': 453}), ('CYP27A1', 'GPNMB', {'weight': 0.764896847304388, 'cell_n': 610}), ('LRRFIP1', 'PLAUR', {'weight': 0.773304254457986, 'cell_n': 394}), ('TKT', 'PLAUR', {'weight': 0.778312603912009, 'cell_n': 183}), ('CNBP', 'PLAUR', {'weight': 0.716489668558446, 'cell_n': 274}), ('SERP1', 'PLAUR', {'weight': 0.85342492301024, 'cell_n': 192}), ('LRPAP1', 'PLAUR', {'weight': 0.912032806681291, 'cell_n': 178}), ('CXCL3', 'PLAUR', {'weight': 0.854191932771985, 'cell_n': 677}), ('CXCL2', 'PLAUR', {'weight': 0.879703303616099, 'cell_n': 630}), ('AREG', 'PLAUR', {'weight': 0.898813850487486, 'cell_n': 650})]"
HCA.human_disease.PulmonaryFibrosisGSE135893,disease,Lung,Immune Cells-Nk Cell,"[('CD52', 'CCL5', {'weight': 0.72563236372682, 'cell_n': 514}), ('H3F3A', 'CCL5', {'weight': 0.713406953799021, 'cell_n': 136}), ('GNLY', 'CCL5', {'weight': 0.722037957987882, 'cell_n': 1250}), ('RPSA', 'CCL5', {'weight': 0.753571064390758, 'cell_n': 572}), ('RPL24', 'CCL5', {'weight': 0.78709230905959, 'cell_n': 446}), ('BTF3', 'CCL5', {'weight': 0.853465937063245, 'cell_n': 176}), ('GNB2L1', 'CCL5', {'weight': 0.787187114972434, 'cell_n': 554}), ('CLIC1', 'CCL5', {'weight': 0.763514829456291, 'cell_n': 132}), ('IFITM2', 'CCL5', {'weight': 0.721106243423227, 'cell_n': 442}), ('IFITM1', 'CCL5', {'weight': 0.765362331713133, 'cell_n': 969}), ('CD3E', 'CCL5', {'weight': 0.883384987678113, 'cell_n': 142}), ('RPS24', 'CCL5', {'weight': 0.718898191644068, 'cell_n': 1289}), ('ARHGDIB', 'CCL5', {'weight': 0.725401127436315, 'cell_n': 347}), ('ATP5G2', 'CCL5', {'weight': 0.835569019713271, 'cell_n': 120}), ('GZMH', 'CCL5', {'weight': 0.788503424181984, 'cell_n': 368}), ('CORO1A', 'CCL5', {'weight': 0.725702692739149, 'cell_n': 285})]"
HCA.human_disease.PulmonaryFibrosisGSE135893,disease,Lung,Kuppfer Cells(Macrophage),"[('ENO1', 'GPNMB', {'weight': 0.798288138769503, 'cell_n': 101}), ('ATP6V0B', 'GPNMB', {'weight': 0.750235034466458, 'cell_n': 683}), ('TMEM59', 'GPNMB', {'weight': 0.870498498575414, 'cell_n': 259}), ('GNG5', 'GPNMB', {'weight': 0.710856937829644, 'cell_n': 613}), ('S100A9', 'GPNMB', {'weight': 0.842358573019169, 'cell_n': 258}), ('TPM3', 'GPNMB', {'weight': 0.837789183726588, 'cell_n': 92}), ('LMNA', 'GPNMB', {'weight': 0.807480935803132, 'cell_n': 100}), ('TAGLN2', 'GPNMB', {'weight': 0.791016789494466, 'cell_n': 558}), ('FCGR3A', 'GPNMB', {'weight': 0.873924821975456, 'cell_n': 206}), ('RHOB', 'GPNMB', {'weight': 0.769608694785134, 'cell_n': 388}), ('OST4', 'GPNMB', {'weight': 0.771613283863979, 'cell_n': 379}), ('RTN4', 'GPNMB', {'weight': 0.786352393507453, 'cell_n': 265}), ('COX5B', 'GPNMB', {'weight': 0.713097474500263, 'cell_n': 448}), ('RNF149', 'GPNMB', {'weight': 0.877338161908682, 'cell_n': 179}), ('GCA', 'GPNMB', {'weight': 0.934390551525135, 'cell_n': 115}), ('SLC11A1', 'GPNMB', {'weight': 0.746545377653859, 'cell_n': 238}), ('CYP27A1', 'GPNMB', {'weight': 0.868723121026718, 'cell_n': 334}), ('LRRFIP1', 'GPNMB', {'weight': 0.770560731102987, 'cell_n': 221}), ('PPARG', 'GPNMB', {'weight': 0.756172151884047, 'cell_n': 71}), ('TMA7', 'GPNMB', {'weight': 0.809193798576172, 'cell_n': 327}), ('CSTA', 'GPNMB', {'weight': 0.956898168616325, 'cell_n': 51}), ('SERP1', 'GPNMB', {'weight': 0.703905302483875, 'cell_n': 311}), ('TFRC', 'GPNMB', {'weight': 0.892949553844503, 'cell_n': 229}), ('LRPAP1', 'GPNMB', {'weight': 0.84217366829847, 'cell_n': 283}), ('CXCL3', 'GPNMB', {'weight': 0.729874795294482, 'cell_n': 289}), ('CXCL2', 'GPNMB', {'weight': 0.893222309791335, 'cell_n': 105}), ('AREG', 'GPNMB', {'weight': 0.964342244597894, 'cell_n': 45}), ('UBE2D3', 'GPNMB', {'weight': 0.922974701523271, 'cell_n': 73}), ('HPGD', 'GPNMB', {'weight': 0.843766563579547, 'cell_n': 61})]"
HCA.human_normal.TissueStability,normal,Esophagus,Cholangiocyte,"[('RPL22', 'IL1R2', {'weight': 0.854502886279445, 'cell_n': 153}), ('SFN', 'IL1R2', {'weight': -0.801535815490369, 'cell_n': 192}), ('YBX1', 'IL1R2', {'weight': -0.729912596430682, 'cell_n': 202}), ('TACSTD2', 'IL1R2', {'weight': 0.9758277530273, 'cell_n': 95}), ('SERBP1', 'IL1R2', {'weight': 0.732557852977849, 'cell_n': 117}), ('MCL1', 'IL1R2', {'weight': 1.0, 'cell_n': 11}), ('S100A8', 'IL1R2', {'weight': 0.774794789649757, 'cell_n': 249}), ('S100A2', 'IL1R2', {'weight': -0.758977238893556, 'cell_n': 256}), ('S100A14', 'IL1R2', {'weight': -0.788000457280999, 'cell_n': 192}), ('LMNA', 'IL1R2', {'weight': 0.860469158937972, 'cell_n': 116}), ('GAS5', 'IL1R2', {'weight': 0.91777671053415, 'cell_n': 223}), ('GLUL', 'IL1R2', {'weight': 0.954510368506769, 'cell_n': 66}), ('MIR205HG', 'IL1R2', {'weight': 0.788147807297157, 'cell_n': 204}), ('SDC1', 'IL1R2', {'weight': 1.0, 'cell_n': 19}), ('CALM2', 'IL1R2', {'weight': 0.847993002898704, 'cell_n': 86}), ('VAMP8', 'IL1R2', {'weight': 0.806688873290507, 'cell_n': 38}), ('IL1R2', 'RPL22', {'weight': 0.832187136846331, 'cell_n': 153}), ('IL1R2', 'ENO1', {'weight': -0.790262009523343, 'cell_n': 214}), ('IL1R2', 'SFN', {'weight': -0.747914771002874, 'cell_n': 192}), ('IL1R2', 'YBX1', {'weight': -0.831429790860096, 'cell_n': 202}), ('IL1R2', 'TACSTD2', {'weight': 0.951038008110389, 'cell_n': 95}), ('IL1R2', 'SERBP1', {'weight': 0.831409364588335, 'cell_n': 117}), ('IL1R2', 'MCL1', {'weight': 1.0, 'cell_n': 11}), ('IL1R2', 'S100A9', {'weight': 0.878743453639951, 'cell_n': 252}), ('IL1R2', 'S100A8', {'weight': 0.862716419465942, 'cell_n': 249}), ('IL1R2', 'S100A2', {'weight': -0.813293715273644, 'cell_n': 256}), ('IL1R2', 'S100A14', {'weight': -0.80461648350275, 'cell_n': 192}), ('IL1R2', 'RPS27', {'weight': 0.789861622967555, 'cell_n': 255}), ('IL1R2', 'LMNA', {'weight': 0.901003994147059, 'cell_n': 116}), ('IL1R2', 'GAS5', {'weight': 0.942122846758524, 'cell_n': 223}), ('IL1R2', 'GLUL', {'weight': 0.869623632032447, 'cell_n': 66}), ('IL1R2', 'MIR205HG', {'weight': 0.798424765622186, 'cell_n': 204}), ('IL1R2', 'SDC1', {'weight': 1.0, 'cell_n': 19}), ('IL1R2', 'CALM2', {'weight': 0.924547400021466, 'cell_n': 86}), ('IL1R2', 'VAMP8', {'weight': 0.837565910202434, 'cell_n': 38}), ('IL1R2', 'IL1RN', {'weight': 1.0, 'cell_n': 14}), ('IL1R2', 'ATP5G3', {'weight': -0.761408379092922, 'cell_n': 173}), ('IL1R2', 'RPL37A', {'weight': -0.830747956253492, 'cell_n': 246}), ('IL1R2', 'NCL', {'weight': 0.927335284065819, 'cell_n': 104}), ('IL1R2', 'PTMA', {'weight': -0.752523266983455, 'cell_n': 254}), ('IL1R2', 'BRK1', {'weight': 0.966953189922896, 'cell_n': 59}), ('IL1R2', 'RHOA', {'weight': 0.856410347941223, 'cell_n': 50}), ('IL1R2', 'TKT', {'weight': 0.745248411267132, 'cell_n': 146}), ('IL1R2', 'RPL24', {'weight': 0.708973547140161, 'cell_n': 249}), ('IL1R2', 'ATP1B3', {'weight': 0.758157050659231, 'cell_n': 166}), ('IL1R2', 'SERP1', {'weight': 1.0, 'cell_n': 16}), ('IL1R2', 'HES1', {'weight': 0.963546137935301, 'cell_n': 80}), ('IL1R2', 'FGFBP1', {'weight': 0.975577906343009, 'cell_n': 88}), ('IL1R2', 'HOPX', {'weight': 0.91265103329069, 'cell_n': 52}), ('IL1R2', 'CXCL2', {'weight': 0.938734487422954, 'cell_n': 55}), ('IL1R2', 'AREG', {'weight': 0.858610270553183, 'cell_n': 78}), ('IL1R2', 'CCNI', {'weight': 0.811693968211713, 'cell_n': 73}), ('IL1R2', 'HNRNPDL', {'weight': 0.983362487246334, 'cell_n': 57}), ('IL1R2', 'H2AFZ', {'weight': -0.701993986161936, 'cell_n': 156}), ('IL1R2', 'RPL34', {'weight': 0.72076966618265, 'cell_n': 255}), ('IL1R2', 'C4orf3', {'weight': 1.0, 'cell_n': 13}), ('IL1R2', 'RPS3A', {'weight': 0.754830685226354, 'cell_n': 256}), ('IL1R2', 'BTF3', {'weight': 0.923810810680246, 'cell_n': 253}), ('IL1R2', 'SKP1', {'weight': 0.832858276073908, 'cell_n': 64}), ('IL1R2', 'SPINK5', {'weight': 1.0, 'cell_n': 20}), ('IL1R2', 'RPL10P9', {'weight': 0.965379833768912, 'cell_n': 120}), ('IL1R2', 'DUSP1', {'weight': 0.886306108220714, 'cell_n': 174}), ('IL1R2', 'ATP6V0E1', {'weight': 0.955072444334989, 'cell_n': 23}), ('IL1R2', 'CLTB', {'weight': 0.915860151844824, 'cell_n': 55}), ('IL1R2', 'SQSTM1', {'weight': 0.985069688110141, 'cell_n': 24}), ('IL1R2', 'SERPINB1', {'weight': 0.938114246392628, 'cell_n': 25}), ('IL1R2', 'DSP', {'weight': 0.98069069867528, 'cell_n': 24}), ('IL1R2', 'HLA-A', {'weight': 0.79256304575964, 'cell_n': 155}), ('IL1R2', 'HLA-E', {'weight': 1.0, 'cell_n': 17}), ('IL1R2', 'IER3', {'weight': 0.86552732610621, 'cell_n': 85}), ('IL1R2', 'HSPA1A', {'weight': 0.999399696081563, 'cell_n': 21}), ('IL1R2', 'DST', {'weight': 0.894548363260034, 'cell_n': 134}), ('IL1R2', 'EEF1A1', {'weight': 0.759702418614865, 'cell_n': 155}), ('IL1R2', 'SNHG5', {'weight': 0.965492378797671, 'cell_n': 72}), ('IL1R2', 'PNRC1', {'weight': 0.930391477584803, 'cell_n': 47}), ('IL1R2', 'DYNLT1', {'weight': 1.0, 'cell_n': 15}), ('IL1R2', 'SOD2', {'weight': 0.870320355593903, 'cell_n': 109}), ('IL1R2', 'PSMB1', {'weight': 0.816199736397405, 'cell_n': 67}), ('IL1R2', 'RAC1', {'weight': 0.968640387249884, 'cell_n': 89}), ('IL1R2', 'TOMM7', {'weight': 0.880203421833859, 'cell_n': 121}), ('IL1R2', 'PPIA', {'weight': 0.716163683579606, 'cell_n': 136}), ('IL1R2', 'SEM1', {'weight': 0.854506480791112, 'cell_n': 90}), ('IL1R2', 'AKR1B10', {'weight': 1.0, 'cell_n': 12}), ('IL1R2', 'NDUFB2', {'weight': 0.850635922057973, 'cell_n': 42}), ('IL1R2', 'UQCRB', {'weight': 0.933761414564321, 'cell_n': 138}), ('IL1R2', 'PABPC1', {'weight': 0.746418000663211, 'cell_n': 155}), ('IL1R2', 'YWHAZ', {'weight': 0.962483541385251, 'cell_n': 28}), ('IL1R2', 'ZNF706', {'weight': -0.983834414189401, 'cell_n': 25}), ('IL1R2', 'EIF3H', {'weight': 0.945585786032373, 'cell_n': 85}), ('IL1R2', 'ANXA1', {'weight': 0.917833952183877, 'cell_n': 193}), ('IL1R2', 'SEC61B', {'weight': 0.853191079973831, 'cell_n': 54}), ('IL1R2', 'TXN', {'weight': -0.790615810009924, 'cell_n': 179}), ('IL1R2', 'ATP6V1G1', {'weight': 1.0, 'cell_n': 14}), ('IL1R2', 'RPL35', {'weight': -0.851638106008215, 'cell_n': 248}), ('IL1R2', 'EDF1', {'weight': 0.788498445370958, 'cell_n': 80}), ('IL1R2', 'KLF6', {'weight': 0.972120493106362, 'cell_n': 74}), ('IL1R2', 'IFITM3', {'weight': 0.966057753141261, 'cell_n': 207}), ('IL1R2', 'TALDO1', {'weight': 0.748352674005375, 'cell_n': 35}), ('IL1R2', 'RPLP2', {'weight': -0.853758827408283, 'cell_n': 254}), ('IL1R2', 'POLR2L', {'weight': -0.763085346883197, 'cell_n': 100}), ('IL1R2', 'PHLDA2', {'weight': 0.970761389595068, 'cell_n': 28}), ('IL1R2', 'CD59', {'weight': 1.0, 'cell_n': 18}), ('IL1R2', 'FTH1', {'weight': 0.791894860201028, 'cell_n': 250}), ('IL1R2', 'PRDX5', {'weight': 0.928379571019437, 'cell_n': 115}), ('IL1R2', 'MALAT1', {'weight': 0.94824059876275, 'cell_n': 256}), ('IL1R2', 'GSTP1', {'weight': -0.933686503222507, 'cell_n': 226}), ('IL1R2', 'TRIM29', {'weight': 1.0, 'cell_n': 11}), ('IL1R2', 'CD9', {'weight': 0.745015455319772, 'cell_n': 164}), ('IL1R2', 'GAPDH', {'weight': -0.922063887258106, 'cell_n': 248}), ('IL1R2', 'TPI1', {'weight': -0.804886856744057, 'cell_n': 161}), ('IL1R2', 'H2AFJ', {'weight': 1.0, 'cell_n': 19}), ('IL1R2', 'TMBIM6', {'weight': 0.902555047549383, 'cell_n': 45}), ('IL1R2', 'KRT6B', {'weight': 1.0, 'cell_n': 13}), ('IL1R2', 'KRT5', {'weight': -0.9012193872433, 'cell_n': 232}), ('IL1R2', 'KRT18', {'weight': 0.948687838074297, 'cell_n': 59}), ('IL1R2', 'ATP5G2', {'weight': 0.859929892946016, 'cell_n': 137}), ('IL1R2', 'CD63', {'weight': 0.883501421983549, 'cell_n': 70}), ('IL1R2', 'RPS26', {'weight': -0.793268724884673, 'cell_n': 175}), ('IL1R2', 'RPL41', {'weight': -0.882777751980076, 'cell_n': 249}), ('IL1R2', 'NACA', {'weight': 0.871002468097094, 'cell_n': 254}), ('IL1R2', 'PHLDA1', {'weight': 0.969062145478662, 'cell_n': 46}), ('IL1R2', 'BTG1', {'weight': 0.982536015537081, 'cell_n': 21}), ('IL1R2', 'HSP90B1', {'weight': 0.998964276467978, 'cell_n': 28}), ('IL1R2', 'ARPC3', {'weight': 0.809916883511123, 'cell_n': 79}), ('IL1R2', 'RPL6', {'weight': 0.787990692732902, 'cell_n': 252}), ('IL1R2', 'PEBP1', {'weight': 0.776625189866591, 'cell_n': 122}), ('IL1R2', 'COX6A1', {'weight': 0.846521163721114, 'cell_n': 114}), ('IL1R2', 'UBC', {'weight': 0.928023933233991, 'cell_n': 214}), ('IL1R2', 'GJB2', {'weight': 0.861175734770068, 'cell_n': 76}), ('IL1R2', 'TPT1', {'weight': 0.938449969973269, 'cell_n': 256}), ('IL1R2', 'NFKBIA', {'weight': 0.962702075758182, 'cell_n': 138}), ('IL1R2', 'RPS29', {'weight': -0.760469331894165, 'cell_n': 182}), ('IL1R2', 'RPL36AL', {'weight': 0.706725807408988, 'cell_n': 136}), ('IL1R2', 'LGALS3', {'weight': 0.981713677336996, 'cell_n': 39}), ('IL1R2', 'ZFP36L1', {'weight': 0.877061937408264, 'cell_n': 82}), ('IL1R2', 'SRSF5', {'weight': 0.999999581679018, 'cell_n': 29}), ('IL1R2', 'CALM1', {'weight': 0.892314213207957, 'cell_n': 85}), ('IL1R2', 'SRP14', {'weight': 0.839152487258281, 'cell_n': 106}), ('IL1R2', 'B2M', {'weight': 0.918260928446982, 'cell_n': 255}), ('IL1R2', 'RPLP1', {'weight': 0.89126969722775, 'cell_n': 256}), ('IL1R2', 'PKM', {'weight': -0.72101802359279, 'cell_n': 186}), ('IL1R2', 'COX5A', {'weight': 0.735603106987102, 'cell_n': 105}), ('IL1R2', 'RHCG', {'weight': 1.0, 'cell_n': 11}), ('IL1R2', 'RPS2', {'weight': -0.873118713915143, 'cell_n': 256}), ('IL1R2', 'EMP2', {'weight': 1.0, 'cell_n': 16}), ('IL1R2', 'ALDOA', {'weight': -0.824836595709494, 'cell_n': 188}), ('IL1R2', 'MT2A', {'weight': 0.867384327891613, 'cell_n': 233}), ('IL1R2', 'RPL13', {'weight': 0.922022515186355, 'cell_n': 256}), ('IL1R2', 'YWHAE', {'weight': 0.879367978892154, 'cell_n': 64}), ('IL1R2', 'PSMB6', {'weight': 0.919633356710686, 'cell_n': 62}), ('IL1R2', 'PFN1', {'weight': -0.741131778457603, 'cell_n': 171}), ('IL1R2', 'RPL23', {'weight': 0.934094685714963, 'cell_n': 251}), ('IL1R2', 'KRT14', {'weight': -0.759896015946263, 'cell_n': 255}), ('IL1R2', 'KRT16', {'weight': 0.757272979024241, 'cell_n': 39}), ('IL1R2', 'KRT17', {'weight': 0.909004530066178, 'cell_n': 140}), ('IL1R2', 'EIF1', {'weight': 0.823949762095722, 'cell_n': 255}), ('IL1R2', 'JUP', {'weight': -1.0, 'cell_n': 13}), ('IL1R2', 'DDX5', {'weight': 0.956873418130899, 'cell_n': 87}), ('IL1R2', 'P4HB', {'weight': 0.867138894753256, 'cell_n': 81}), ('IL1R2', 'MYL12A', {'weight': 0.932217799101697, 'cell_n': 52}), ('IL1R2', 'MYL12B', {'weight': 0.757403925668962, 'cell_n': 143}), ('IL1R2', 'PMAIP1', {'weight': 0.985395186755473, 'cell_n': 26}), ('IL1R2', 'RPL36', {'weight': -0.808475549168968, 'cell_n': 251}), ('IL1R2', 'RPS28', {'weight': -0.81232132693857, 'cell_n': 226}), ('IL1R2', 'UBL5', {'weight': 0.888001597850384, 'cell_n': 59}), ('IL1R2', 'JUNB', {'weight': 0.947183956367895, 'cell_n': 174}), ('IL1R2', 'CALR', {'weight': 0.777897303298297, 'cell_n': 34}), ('IL1R2', 'IER2', {'weight': 0.917417661408293, 'cell_n': 75}), ('IL1R2', 'DNAJB1', {'weight': 0.957148545190392, 'cell_n': 51}), ('IL1R2', 'TPM4', {'weight': 0.993557780230937, 'cell_n': 29}), ('IL1R2', 'SPINT2', {'weight': 0.885848103599656, 'cell_n': 70}), ('IL1R2', 'RPS16', {'weight': 0.718872829374223, 'cell_n': 255}), ('IL1R2', 'RPS19', {'weight': 0.714973703389049, 'cell_n': 256}), ('IL1R2', 'LYPD3', {'weight': -1.0, 'cell_n': 11}), ('IL1R2', 'SELENOW', {'weight': 0.837960063111206, 'cell_n': 33}), ('IL1R2', 'FTL', {'weight': 0.924031756887564, 'cell_n': 236}), ('IL1R2', 'RPS11', {'weight': 0.82460155615278, 'cell_n': 247}), ('IL1R2', 'DSTN', {'weight': 0.898646361182446, 'cell_n': 98}), ('IL1R2', 'CST3', {'weight': 0.782724468440098, 'cell_n': 50}), ('IL1R2', 'ID1', {'weight': 0.977692834882217, 'cell_n': 107}), ('IL1R2', 'EIF6', {'weight': 0.757844321373214, 'cell_n': 25}), ('IL1R2', 'ZFAS1', {'weight': 0.938166298127383, 'cell_n': 150}), ('IL1R2', 'HMGN1', {'weight': 0.792065056529795, 'cell_n': 99}), ('IL1R2', 'SAT1', {'weight': 0.927336750615195, 'cell_n': 162}), ('IL1R2', 'PLP2', {'weight': 0.837977789798134, 'cell_n': 139}), ('IL1R2', 'RPS4X', {'weight': 0.93893360898619, 'cell_n': 256}), ('IL1R2', 'PGK1', {'weight': 0.948386697100529, 'cell_n': 45}), ('IL1R2', 'RPL10', {'weight': 0.794870757358285, 'cell_n': 256}), ('IL1R2', 'MT-RNR1', {'weight': 0.810382799965426, 'cell_n': 244}), ('IL1R2', 'MT-RNR2', {'weight': 0.938846011015571, 'cell_n': 256}), ('IL1R2', 'MT-ND1', {'weight': 0.933989620917393, 'cell_n': 252}), ('IL1R2', 'MT-ND2', {'weight': 0.904048707160197, 'cell_n': 255}), ('IL1R2', 'MT-CO1', {'weight': 0.929389768270446, 'cell_n': 256}), ('IL1R2', 'MT-ATP6', {'weight': 0.887035379636111, 'cell_n': 255}), ('IL1R2', 'MT-CO3', {'weight': 0.826383308283631, 'cell_n': 256}), ('IL1R2', 'MT-ND3', {'weight': 0.930022203134568, 'cell_n': 223}), ('IL1R2', 'MT-ND4', {'weight': 0.848394164902332, 'cell_n': 256}), ('IL1R2', 'MT-CYB', {'weight': 0.799396789127572, 'cell_n': 256}), ('IL1RN', 'IL1R2', {'weight': 1.0, 'cell_n': 14}), ('EEF1B2', 'IL1R2', {'weight': 0.776563863975938, 'cell_n': 233}), ('RPL37A', 'IL1R2', {'weight': -0.761975597019301, 'cell_n': 246}), ('NCL', 'IL1R2', {'weight': 0.913357773087559, 'cell_n': 104}), ('PTMA', 'IL1R2', {'weight': -0.71462570864754, 'cell_n': 254}), ('BRK1', 'IL1R2', {'weight': 0.976556471804671, 'cell_n': 59}), ('RHOA', 'IL1R2', {'weight': 0.954560308867739, 'cell_n': 50}), ('TKT', 'IL1R2', {'weight': 0.820202314114804, 'cell_n': 146}), ('ATP1B3', 'IL1R2', {'weight': 0.831489708702314, 'cell_n': 166}), ('SERP1', 'IL1R2', {'weight': 1.0, 'cell_n': 16}), ('HES1', 'IL1R2', {'weight': 0.978886056522975, 'cell_n': 80}), ('FGFBP1', 'IL1R2', {'weight': 0.943215422292269, 'cell_n': 88}), ('HOPX', 'IL1R2', {'weight': 0.704360324503281, 'cell_n': 52}), ('CXCL2', 'IL1R2', {'weight': 0.985794203171901, 'cell_n': 55}), ('AREG', 'IL1R2', {'weight': 0.883937576549759, 'cell_n': 78})]"
HCA.human_normal.TissueStability,normal,Esophagus,Progenitor Cells,"[('MTATP6P1', 'CDKN1A', {'weight': 0.891702649508525, 'cell_n': 239}), ('AURKAIP1', 'CDKN1A', {'weight': 0.792442314967771, 'cell_n': 246}), ('MRPL20', 'CDKN1A', {'weight': 0.902139847172415, 'cell_n': 167}), ('RER1', 'CDKN1A', {'weight': 0.888329679857941, 'cell_n': 111}), ('RPL22', 'CDKN1A', {'weight': 0.924290589394783, 'cell_n': 600}), ('RPL11', 'CDKN1A', {'weight': 0.779387498215343, 'cell_n': 672}), ('SFN', 'CDKN1A', {'weight': -0.895759959319067, 'cell_n': 670}), ('WASF2', 'CDKN1A', {'weight': 0.914697205774516, 'cell_n': 115}), ('PSMB2', 'CDKN1A', {'weight': 0.890572667371173, 'cell_n': 63}), ('CAP1', 'CDKN1A', {'weight': 0.889240851769165, 'cell_n': 68}), ('YBX1', 'CDKN1A', {'weight': 0.761502391171235, 'cell_n': 610}), ('ATP6V0B', 'CDKN1A', {'weight': 0.936563195724293, 'cell_n': 99}), ('RPS8', 'CDKN1A', {'weight': 0.822953099147864, 'cell_n': 672}), ('UQCRH', 'CDKN1A', {'weight': 0.838363390430595, 'cell_n': 639}), ('CMPK1', 'CDKN1A', {'weight': 0.978448145401052, 'cell_n': 51}), ('TMEM59', 'CDKN1A', {'weight': 0.881176417345875, 'cell_n': 156}), ('TACSTD2', 'CDKN1A', {'weight': 0.72451502755893, 'cell_n': 667}), ('JUN', 'CDKN1A', {'weight': 0.941832458127104, 'cell_n': 415}), ('SERBP1', 'CDKN1A', {'weight': 0.854648734677931, 'cell_n': 423}), ('CLCA2', 'CDKN1A', {'weight': 0.914476171042081, 'cell_n': 135}), ('CLCA4', 'CDKN1A', {'weight': 0.916832521849571, 'cell_n': 86}), ('SH3GLB1', 'CDKN1A', {'weight': 0.744120581610532, 'cell_n': 61}), ('RPL5', 'CDKN1A', {'weight': 0.788163294297379, 'cell_n': 671}), ('PSMA5', 'CDKN1A', {'weight': 0.833965796887347, 'cell_n': 77}), ('LAMTOR5', 'CDKN1A', {'weight': 0.894353563891053, 'cell_n': 187}), ('TXNIP', 'CDKN1A', {'weight': 0.943574404424015, 'cell_n': 30}), ('MCL1', 'CDKN1A', {'weight': 0.9657569330601, 'cell_n': 275}), ('ENSA', 'CDKN1A', {'weight': 0.887209225939826, 'cell_n': 423}), ('S100A12', 'CDKN1A', {'weight': 0.956684282594945, 'cell_n': 36}), ('S100A6', 'CDKN1A', {'weight': -0.718329608334787, 'cell_n': 654}), ('S100A16', 'CDKN1A', {'weight': -0.790700612986375, 'cell_n': 669}), ('TPM3', 'CDKN1A', {'weight': 0.909715970466347, 'cell_n': 97}), ('FDPS', 'CDKN1A', {'weight': 0.78491411318174, 'cell_n': 180}), ('LMNA', 'CDKN1A', {'weight': 0.905229905954733, 'cell_n': 449}), ('CCT3', 'CDKN1A', {'weight': 0.825510586465428, 'cell_n': 91}), ('CRABP2', 'CDKN1A', {'weight': -0.768471167462206, 'cell_n': 580}), ('PFDN2', 'CDKN1A', {'weight': 0.829754776644305, 'cell_n': 72}), ('SDHC', 'CDKN1A', {'weight': 0.945110018614346, 'cell_n': 120}), ('HSPA6', 'CDKN1A', {'weight': 1.0, 'cell_n': 18}), ('MGST3', 'CDKN1A', {'weight': 0.777796075379221, 'cell_n': 123}), ('PRDX6', 'CDKN1A', {'weight': 0.724687781081695, 'cell_n': 236}), ('GAS5', 'CDKN1A', {'weight': 0.968312066516951, 'cell_n': 309}), ('ARPC5', 'CDKN1A', {'weight': 0.93492765962947, 'cell_n': 149}), ('PKP1', 'CDKN1A', {'weight': 0.726854962599729, 'cell_n': 326}), ('LAD1', 'CDKN1A', {'weight': 0.798212858283127, 'cell_n': 278}), ('ELF3', 'CDKN1A', {'weight': 0.952009247018475, 'cell_n': 329}), ('GUK1', 'CDKN1A', {'weight': 0.710258474538069, 'cell_n': 600}), ('TOMM20', 'CDKN1A', {'weight': 0.979738276178561, 'cell_n': 64}), ('RPS7', 'CDKN1A', {'weight': 0.798975909442231, 'cell_n': 672}), ('PDIA6', 'CDKN1A', {'weight': 0.819865929223449, 'cell_n': 93}), ('SF3B6', 'CDKN1A', {'weight': 0.911590534264203, 'cell_n': 305}), ('CALM2', 'CDKN1A', {'weight': 0.912683307456159, 'cell_n': 324}), ('RTN4', 'CDKN1A', {'weight': 0.910423932186881, 'cell_n': 258}), ('RPS27A', 'CDKN1A', {'weight': 0.783890659173473, 'cell_n': 672}), ('RAB1A', 'CDKN1A', {'weight': 0.832831668395235, 'cell_n': 76}), ('PCBP1', 'CDKN1A', {'weight': 0.943126477432605, 'cell_n': 116}), ('SNRPG', 'CDKN1A', {'weight': 0.908868037984138, 'cell_n': 133}), ('SUCLG1', 'CDKN1A', {'weight': 0.902294765068276, 'cell_n': 93})]"
HCA.human_normal.TissueStability,normal,Lung,Immune Cells-Granulocyte,"[('MTATP6P1', 'PLAUR', {'weight': 0.854507758450893, 'cell_n': 103}), ('CTSS', 'PLAUR', {'weight': 0.735334551015991, 'cell_n': 96}), ('S100A9', 'PLAUR', {'weight': 0.741025306445454, 'cell_n': 264}), ('S100A8', 'PLAUR', {'weight': 0.709073790972985, 'cell_n': 222}), ('S100A4', 'PLAUR', {'weight': 0.703268286672172, 'cell_n': 383}), ('FCER1G', 'PLAUR', {'weight': 0.882019874592558, 'cell_n': 311}), ('AC016739.1', 'PLAUR', {'weight': 0.890418378612969, 'cell_n': 94}), ('ARPC2', 'PLAUR', {'weight': 0.790301454580896, 'cell_n': 117}), ('GPX1', 'PLAUR', {'weight': 0.825187576191693, 'cell_n': 264}), ('RPL24', 'PLAUR', {'weight': 0.80448457059026, 'cell_n': 235}), ('BTF3', 'PLAUR', {'weight': 0.828804197709485, 'cell_n': 105}), ('COX7C', 'PLAUR', {'weight': 0.851830175372099, 'cell_n': 93}), ('MIR1244-2', 'PLAUR', {'weight': 0.863806756396785, 'cell_n': 172}), ('HLA-E', 'PLAUR', {'weight': 0.92483786131315, 'cell_n': 74}), ('AIF1', 'PLAUR', {'weight': 0.923882776938114, 'cell_n': 157}), ('HSPA1A', 'PLAUR', {'weight': 0.735413054776506, 'cell_n': 330}), ('RPS10', 'PLAUR', {'weight': 0.812595114474833, 'cell_n': 119}), ('HSP90AB1', 'PLAUR', {'weight': 0.803753570111193, 'cell_n': 148}), ('SOD2', 'PLAUR', {'weight': 0.920578972869022, 'cell_n': 342}), ('HSPB1', 'PLAUR', {'weight': 0.959085316942718, 'cell_n': 102}), ('RPL7', 'PLAUR', {'weight': 0.722879491364674, 'cell_n': 355}), ('UQCRB', 'PLAUR', {'weight': 0.974797996038041, 'cell_n': 60}), ('PABPC1', 'PLAUR', {'weight': 0.790441457584432, 'cell_n': 124}), ('EEF1D', 'PLAUR', {'weight': 0.867735753146033, 'cell_n': 93}), ('ANXA1', 'PLAUR', {'weight': 0.810287159828038, 'cell_n': 76}), ('SRGN', 'PLAUR', {'weight': 0.885694854768189, 'cell_n': 397}), ('PSAP', 'PLAUR', {'weight': 0.828972819571482, 'cell_n': 155})]"
HCA.human_normal.TissueStability,normal,Lung,Immune Cells-Nk Cell,"[('RPL7', 'CCL5', {'weight': 0.766605257831433, 'cell_n': 196}), ('SRGN', 'CCL5', {'weight': 0.805737478100896, 'cell_n': 181}), ('MALAT1', 'CCL5', {'weight': 0.738713823541403, 'cell_n': 718}), ('RPL26', 'CCL5', {'weight': 0.70788659610535, 'cell_n': 273}), ('CCL5', 'PTMA', {'weight': 0.77127949237833, 'cell_n': 192}), ('CCL5', 'HLA-A', {'weight': 0.766791381305241, 'cell_n': 446}), ('CCL5', 'RPL7', {'weight': 0.713215541585971, 'cell_n': 196}), ('CCL5', 'MALAT1', {'weight': 0.719475707840127, 'cell_n': 718}), ('CCL5', 'CCL3', {'weight': 0.717425323781094, 'cell_n': 248}), ('EIF1', 'CCL5', {'weight': 0.702921578645056, 'cell_n': 220}), ('H3F3B', 'CCL5', {'weight': 0.723561884209124, 'cell_n': 192})]"
