marker,target,cell_id,marker_exp,target_exp
CDKN1A,RPL22,AAACGAATCACGGGCT-TSP14-Bladder-NA-10X-1-1,1.90018116172458,
CCL2,RPL22,AACAGGGTCAAGCCGC-TSP14-Bladder-NA-10X-1-1,3.1983041142411,2.65868485367304
ICAM1,RPL22,AAACGAATCACGGGCT-TSP14-Bladder-NA-10X-1-1,2.22701570016873,
CCL2,PARK7,AACAGGGTCAAGCCGC-TSP14-Bladder-NA-10X-1-1,3.1983041142411,
ICAM1,PARK7,AAACGAATCACGGGCT-TSP14-Bladder-NA-10X-1-1,2.22701570016873,
CDKN1A,ERRFI1,AAACGAATCACGGGCT-TSP14-Bladder-NA-10X-1-1,1.90018116172458,
GPNMB,ERRFI1,AACGTCAAGCGTTCCG-TSP14-Bladder-NA-10X-1-1,1.41143008232293,
MEG3,ERRFI1,AACCACACACCGGAAA-TSP14-Bladder-NA-10X-1-1,2.88987391662858,
MMP2,ERRFI1,AAAGAACCATCCGAAT-TSP14-Bladder-NA-10X-1-1,2.78680772455432,
CCL2,ERRFI1,AACAGGGTCAAGCCGC-TSP14-Bladder-NA-10X-1-1,3.1983041142411,
ICAM1,ERRFI1,AAACGAATCACGGGCT-TSP14-Bladder-NA-10X-1-1,2.22701570016873,
CCL2,ENO1,AACAGGGTCAAGCCGC-TSP14-Bladder-NA-10X-1-1,3.1983041142411,
CDKN1A,ID3,AAACGAATCACGGGCT-TSP14-Bladder-NA-10X-1-1,1.90018116172458,
GPNMB,ID3,AACGTCAAGCGTTCCG-TSP14-Bladder-NA-10X-1-1,1.41143008232293,2.04389257605639
MEG3,ID3,AACCACACACCGGAAA-TSP14-Bladder-NA-10X-1-1,2.88987391662858,
CCL2,ID3,AACAGGGTCAAGCCGC-TSP14-Bladder-NA-10X-1-1,3.1983041142411,
CCL2,UQCRH,AACAGGGTCAAGCCGC-TSP14-Bladder-NA-10X-1-1,3.1983041142411,
ICAM1,UQCRH,AAACGAATCACGGGCT-TSP14-Bladder-NA-10X-1-1,2.22701570016873,
GPNMB,TMEM59,AACGTCAAGCGTTCCG-TSP14-Bladder-NA-10X-1-1,1.41143008232293,1.53013204560722
MEG3,TMEM59,AACCACACACCGGAAA-TSP14-Bladder-NA-10X-1-1,2.88987391662858,
CCL2,TMEM59,AACAGGGTCAAGCCGC-TSP14-Bladder-NA-10X-1-1,3.1983041142411,
GPNMB,PLPP3,AACGTCAAGCGTTCCG-TSP14-Bladder-NA-10X-1-1,1.41143008232293,2.57632926987483
CCL2,PLPP3,AACAGGGTCAAGCCGC-TSP14-Bladder-NA-10X-1-1,3.1983041142411,
ICAM1,PLPP3,AAACGAATCACGGGCT-TSP14-Bladder-NA-10X-1-1,2.22701570016873,
CCL2,JUN,AACAGGGTCAAGCCGC-TSP14-Bladder-NA-10X-1-1,3.1983041142411,
CDKN1A,GADD45A,AAACGAATCACGGGCT-TSP14-Bladder-NA-10X-1-1,1.90018116172458,
GPNMB,GADD45A,AACGTCAAGCGTTCCG-TSP14-Bladder-NA-10X-1-1,1.41143008232293,1.81964944390411
CCL2,GADD45A,AACAGGGTCAAGCCGC-TSP14-Bladder-NA-10X-1-1,3.1983041142411,
ICAM1,GADD45A,AAACGAATCACGGGCT-TSP14-Bladder-NA-10X-1-1,2.22701570016873,
CDKN1A,CCN1,AAACGAATCACGGGCT-TSP14-Bladder-NA-10X-1-1,1.90018116172458,
GPNMB,TGFBR3,AACGTCAAGCGTTCCG-TSP14-Bladder-NA-10X-1-1,1.41143008232293,1.53013204560722
MEG3,TGFBR3,AACCACACACCGGAAA-TSP14-Bladder-NA-10X-1-1,2.88987391662858,
ICAM1,TGFBR3,AAACGAATCACGGGCT-TSP14-Bladder-NA-10X-1-1,2.22701570016873,
GPNMB,OLFML3,AACGTCAAGCGTTCCG-TSP14-Bladder-NA-10X-1-1,1.41143008232293,
CCL2,OLFML3,AACAGGGTCAAGCCGC-TSP14-Bladder-NA-10X-1-1,3.1983041142411,
CDKN1A,MCL1,AAACGAATCACGGGCT-TSP14-Bladder-NA-10X-1-1,1.90018116172458,2.04396008048238
GPNMB,MCL1,AACGTCAAGCGTTCCG-TSP14-Bladder-NA-10X-1-1,1.41143008232293,1.63622709586301
MEG3,MCL1,AACCACACACCGGAAA-TSP14-Bladder-NA-10X-1-1,2.88987391662858,
CCL2,MCL1,AACAGGGTCAAGCCGC-TSP14-Bladder-NA-10X-1-1,3.1983041142411,
ICAM1,MCL1,AAACGAATCACGGGCT-TSP14-Bladder-NA-10X-1-1,2.22701570016873,2.04396008048238
GPNMB,CTSK,AACGTCAAGCGTTCCG-TSP14-Bladder-NA-10X-1-1,1.41143008232293,1.53013204560722
MMP2,CTSK,AAAGAACCATCCGAAT-TSP14-Bladder-NA-10X-1-1,2.78680772455432,
CDKN1A,S100A13,AAACGAATCACGGGCT-TSP14-Bladder-NA-10X-1-1,1.90018116172458,
GPNMB,S100A13,AACGTCAAGCGTTCCG-TSP14-Bladder-NA-10X-1-1,1.41143008232293,1.34633979900985
MEG3,S100A13,AACCACACACCGGAAA-TSP14-Bladder-NA-10X-1-1,2.88987391662858,
CCL2,S100A13,AACAGGGTCAAGCCGC-TSP14-Bladder-NA-10X-1-1,3.1983041142411,
ICAM1,S100A13,AAACGAATCACGGGCT-TSP14-Bladder-NA-10X-1-1,2.22701570016873,
GPNMB,SSR2,AACGTCAAGCGTTCCG-TSP14-Bladder-NA-10X-1-1,1.41143008232293,1.34633979900985
CCL2,SSR2,AACAGGGTCAAGCCGC-TSP14-Bladder-NA-10X-1-1,3.1983041142411,
ICAM1,SSR2,AAACGAATCACGGGCT-TSP14-Bladder-NA-10X-1-1,2.22701570016873,
ICAM1,LMNA,AAACGAATCACGGGCT-TSP14-Bladder-NA-10X-1-1,2.22701570016873,
CDKN1A,ADAMTS4,AAACGAATCACGGGCT-TSP14-Bladder-NA-10X-1-1,1.90018116172458,
MEG3,ADAMTS4,AACCACACACCGGAAA-TSP14-Bladder-NA-10X-1-1,2.88987391662858,
CCL2,ADAMTS4,AACAGGGTCAAGCCGC-TSP14-Bladder-NA-10X-1-1,3.1983041142411,
ICAM1,ADAMTS4,AAACGAATCACGGGCT-TSP14-Bladder-NA-10X-1-1,2.22701570016873,
GPNMB,DDR2,AACGTCAAGCGTTCCG-TSP14-Bladder-NA-10X-1-1,1.41143008232293,2.30727076619262
MEG3,DDR2,AACCACACACCGGAAA-TSP14-Bladder-NA-10X-1-1,2.88987391662858,
GPNMB,MGST3,AACGTCAAGCGTTCCG-TSP14-Bladder-NA-10X-1-1,1.41143008232293,
CCL2,MGST3,AACAGGGTCAAGCCGC-TSP14-Bladder-NA-10X-1-1,3.1983041142411,
ICAM1,MGST3,AAACGAATCACGGGCT-TSP14-Bladder-NA-10X-1-1,2.22701570016873,
CDKN1A,MYOC,AAACGAATCACGGGCT-TSP14-Bladder-NA-10X-1-1,1.90018116172458,
GPNMB,MYOC,AACGTCAAGCGTTCCG-TSP14-Bladder-NA-10X-1-1,1.41143008232293,
MEG3,MYOC,AACCACACACCGGAAA-TSP14-Bladder-NA-10X-1-1,2.88987391662858,
ICAM1,MYOC,AAACGAATCACGGGCT-TSP14-Bladder-NA-10X-1-1,2.22701570016873,
CCL2,PRDX6,AACAGGGTCAAGCCGC-TSP14-Bladder-NA-10X-1-1,3.1983041142411,
CDKN1A,GAS5,AAACGAATCACGGGCT-TSP14-Bladder-NA-10X-1-1,1.90018116172458,
GPNMB,GAS5,AACGTCAAGCGTTCCG-TSP14-Bladder-NA-10X-1-1,1.41143008232293,2.2544444193101
CCL2,GAS5,AACAGGGTCAAGCCGC-TSP14-Bladder-NA-10X-1-1,3.1983041142411,
ICAM1,GAS5,AAACGAATCACGGGCT-TSP14-Bladder-NA-10X-1-1,2.22701570016873,
CCL2,QSOX1,AACAGGGTCAAGCCGC-TSP14-Bladder-NA-10X-1-1,3.1983041142411,
CDKN1A,GLUL,AAACGAATCACGGGCT-TSP14-Bladder-NA-10X-1-1,1.90018116172458,
CDKN1A,RGS16,AAACGAATCACGGGCT-TSP14-Bladder-NA-10X-1-1,1.90018116172458,
GPNMB,RGS16,AACGTCAAGCGTTCCG-TSP14-Bladder-NA-10X-1-1,1.41143008232293,
MEG3,RGS16,AACCACACACCGGAAA-TSP14-Bladder-NA-10X-1-1,2.88987391662858,
CCL2,RGS16,AACAGGGTCAAGCCGC-TSP14-Bladder-NA-10X-1-1,3.1983041142411,
ICAM1,RGS16,AAACGAATCACGGGCT-TSP14-Bladder-NA-10X-1-1,2.22701570016873,
MEG3,CFH,AACCACACACCGGAAA-TSP14-Bladder-NA-10X-1-1,2.88987391662858,2.75200845252835
CCL2,CFH,AACAGGGTCAAGCCGC-TSP14-Bladder-NA-10X-1-1,3.1983041142411,
CDKN1A,BTG2,AAACGAATCACGGGCT-TSP14-Bladder-NA-10X-1-1,1.90018116172458,2.04396008048238
GPNMB,PRELP,AACGTCAAGCGTTCCG-TSP14-Bladder-NA-10X-1-1,1.41143008232293,2.19867104536577
MEG3,PRELP,AACCACACACCGGAAA-TSP14-Bladder-NA-10X-1-1,2.88987391662858,
MMP2,PRELP,AAAGAACCATCCGAAT-TSP14-Bladder-NA-10X-1-1,2.78680772455432,
CCL2,PRELP,AACAGGGTCAAGCCGC-TSP14-Bladder-NA-10X-1-1,3.1983041142411,
ICAM1,PRELP,AAACGAATCACGGGCT-TSP14-Bladder-NA-10X-1-1,2.22701570016873,
GPNMB,NUCKS1,AACGTCAAGCGTTCCG-TSP14-Bladder-NA-10X-1-1,1.41143008232293,1.53013204560722
MEG3,NUCKS1,AACCACACACCGGAAA-TSP14-Bladder-NA-10X-1-1,2.88987391662858,
CCL2,NUCKS1,AACAGGGTCAAGCCGC-TSP14-Bladder-NA-10X-1-1,3.1983041142411,
ICAM1,NUCKS1,AAACGAATCACGGGCT-TSP14-Bladder-NA-10X-1-1,2.22701570016873,
GPNMB,CD34,AACGTCAAGCGTTCCG-TSP14-Bladder-NA-10X-1-1,1.41143008232293,
MEG3,CD34,AACCACACACCGGAAA-TSP14-Bladder-NA-10X-1-1,2.88987391662858,
CCL2,CD34,AACAGGGTCAAGCCGC-TSP14-Bladder-NA-10X-1-1,3.1983041142411,
CDKN1A,ATF3,AAACGAATCACGGGCT-TSP14-Bladder-NA-10X-1-1,1.90018116172458,
CCL2,ATF3,AACAGGGTCAAGCCGC-TSP14-Bladder-NA-10X-1-1,3.1983041142411,
ICAM1,ATF3,AAACGAATCACGGGCT-TSP14-Bladder-NA-10X-1-1,2.22701570016873,
GPNMB,H3F3A,AACGTCAAGCGTTCCG-TSP14-Bladder-NA-10X-1-1,1.41143008232293,
CCL2,H3F3A,AACAGGGTCAAGCCGC-TSP14-Bladder-NA-10X-1-1,3.1983041142411,
ICAM1,H3F3A,AAACGAATCACGGGCT-TSP14-Bladder-NA-10X-1-1,2.22701570016873,2.04396008048238
GPNMB,NID1,AACGTCAAGCGTTCCG-TSP14-Bladder-NA-10X-1-1,1.41143008232293,1.81964944390411
MEG3,NID1,AACCACACACCGGAAA-TSP14-Bladder-NA-10X-1-1,2.88987391662858,
CCL2,NID1,AACAGGGTCAAGCCGC-TSP14-Bladder-NA-10X-1-1,3.1983041142411,
ICAM1,NID1,AAACGAATCACGGGCT-TSP14-Bladder-NA-10X-1-1,2.22701570016873,
CDKN1A,ID2,AAACGAATCACGGGCT-TSP14-Bladder-NA-10X-1-1,1.90018116172458,3.16751613335725
MEG3,ID2,AACCACACACCGGAAA-TSP14-Bladder-NA-10X-1-1,2.88987391662858,
GPNMB,LAPTM4A,AACGTCAAGCGTTCCG-TSP14-Bladder-NA-10X-1-1,1.41143008232293,1.86069145133949
MMP2,LAPTM4A,AAAGAACCATCCGAAT-TSP14-Bladder-NA-10X-1-1,2.78680772455432,
CCL2,LAPTM4A,AACAGGGTCAAGCCGC-TSP14-Bladder-NA-10X-1-1,3.1983041142411,
ICAM1,LAPTM4A,AAACGAATCACGGGCT-TSP14-Bladder-NA-10X-1-1,2.22701570016873,
ICAM1,RHOB,AAACGAATCACGGGCT-TSP14-Bladder-NA-10X-1-1,2.22701570016873,
ICAM1,OST4,AAACGAATCACGGGCT-TSP14-Bladder-NA-10X-1-1,2.22701570016873,
CDKN1A,SRSF7,AAACGAATCACGGGCT-TSP14-Bladder-NA-10X-1-1,1.90018116172458,
MEG3,SRSF7,AACCACACACCGGAAA-TSP14-Bladder-NA-10X-1-1,2.88987391662858,
CCL2,SRSF7,AACAGGGTCAAGCCGC-TSP14-Bladder-NA-10X-1-1,3.1983041142411,
ICAM1,SRSF7,AAACGAATCACGGGCT-TSP14-Bladder-NA-10X-1-1,2.22701570016873,
GPNMB,ZFP36L2,AACGTCAAGCGTTCCG-TSP14-Bladder-NA-10X-1-1,1.41143008232293,2.19867104536577
CCL2,ZFP36L2,AACAGGGTCAAGCCGC-TSP14-Bladder-NA-10X-1-1,3.1983041142411,
ICAM1,ZFP36L2,AAACGAATCACGGGCT-TSP14-Bladder-NA-10X-1-1,2.22701570016873,
GPNMB,RTN4,AACGTCAAGCGTTCCG-TSP14-Bladder-NA-10X-1-1,1.41143008232293,1.63622709586301
MMP2,RTN4,AAAGAACCATCCGAAT-TSP14-Bladder-NA-10X-1-1,2.78680772455432,
ICAM1,RTN4,AAACGAATCACGGGCT-TSP14-Bladder-NA-10X-1-1,2.22701570016873,
CDKN1A,MAT2A,AAACGAATCACGGGCT-TSP14-Bladder-NA-10X-1-1,1.90018116172458,
GPNMB,MAT2A,AACGTCAAGCGTTCCG-TSP14-Bladder-NA-10X-1-1,1.41143008232293,1.93804350706667
MEG3,MAT2A,AACCACACACCGGAAA-TSP14-Bladder-NA-10X-1-1,2.88987391662858,
CCL2,MAT2A,AACAGGGTCAAGCCGC-TSP14-Bladder-NA-10X-1-1,3.1983041142411,
ICAM1,MAT2A,AAACGAATCACGGGCT-TSP14-Bladder-NA-10X-1-1,2.22701570016873,
GPNMB,COX5B,AACGTCAAGCGTTCCG-TSP14-Bladder-NA-10X-1-1,1.41143008232293,
CCL2,RPL31,AACAGGGTCAAGCCGC-TSP14-Bladder-NA-10X-1-1,3.1983041142411,2.65868485367304
ICAM1,DBI,AAACGAATCACGGGCT-TSP14-Bladder-NA-10X-1-1,2.22701570016873,2.28127600635853
GPNMB,RND3,AACGTCAAGCGTTCCG-TSP14-Bladder-NA-10X-1-1,1.41143008232293,2.00983942992249
MEG3,RND3,AACCACACACCGGAAA-TSP14-Bladder-NA-10X-1-1,2.88987391662858,
CCL2,RND3,AACAGGGTCAAGCCGC-TSP14-Bladder-NA-10X-1-1,3.1983041142411,
GPNMB,TNFAIP6,AACGTCAAGCGTTCCG-TSP14-Bladder-NA-10X-1-1,1.41143008232293,
MEG3,TNFAIP6,AACCACACACCGGAAA-TSP14-Bladder-NA-10X-1-1,2.88987391662858,
CCL2,TNFAIP6,AACAGGGTCAAGCCGC-TSP14-Bladder-NA-10X-1-1,3.1983041142411,
ICAM1,TNFAIP6,AAACGAATCACGGGCT-TSP14-Bladder-NA-10X-1-1,2.22701570016873,
CDKN1A,CYBRD1,AAACGAATCACGGGCT-TSP14-Bladder-NA-10X-1-1,1.90018116172458,
GPNMB,CYBRD1,AACGTCAAGCGTTCCG-TSP14-Bladder-NA-10X-1-1,1.41143008232293,1.97458566197163
MEG3,CYBRD1,AACCACACACCGGAAA-TSP14-Bladder-NA-10X-1-1,2.88987391662858,
CCL2,CYBRD1,AACAGGGTCAAGCCGC-TSP14-Bladder-NA-10X-1-1,3.1983041142411,
CCL2,ATP5MC3,AACAGGGTCAAGCCGC-TSP14-Bladder-NA-10X-1-1,3.1983041142411,
ICAM1,ATP5MC3,AAACGAATCACGGGCT-TSP14-Bladder-NA-10X-1-1,2.22701570016873,
ICAM1,NFE2L2,AAACGAATCACGGGCT-TSP14-Bladder-NA-10X-1-1,2.22701570016873,2.38169038092219
CDKN1A,TFPI,AAACGAATCACGGGCT-TSP14-Bladder-NA-10X-1-1,1.90018116172458,
GPNMB,TFPI,AACGTCAAGCGTTCCG-TSP14-Bladder-NA-10X-1-1,1.41143008232293,1.93804350706667
CCL2,TFPI,AACAGGGTCAAGCCGC-TSP14-Bladder-NA-10X-1-1,3.1983041142411,
ICAM1,TFPI,AAACGAATCACGGGCT-TSP14-Bladder-NA-10X-1-1,2.22701570016873,
CDKN1A,HSPD1,AAACGAATCACGGGCT-TSP14-Bladder-NA-10X-1-1,1.90018116172458,
GPNMB,HSPD1,AACGTCAAGCGTTCCG-TSP14-Bladder-NA-10X-1-1,1.41143008232293,
MEG3,HSPD1,AACCACACACCGGAAA-TSP14-Bladder-NA-10X-1-1,2.88987391662858,
MMP2,HSPD1,AAAGAACCATCCGAAT-TSP14-Bladder-NA-10X-1-1,2.78680772455432,
CCL2,HSPD1,AACAGGGTCAAGCCGC-TSP14-Bladder-NA-10X-1-1,3.1983041142411,
ICAM1,HSPD1,AAACGAATCACGGGCT-TSP14-Bladder-NA-10X-1-1,2.22701570016873,
GPNMB,HSPE1,AACGTCAAGCGTTCCG-TSP14-Bladder-NA-10X-1-1,1.41143008232293,
ICAM1,HSPE1,AAACGAATCACGGGCT-TSP14-Bladder-NA-10X-1-1,2.22701570016873,
ICAM1,EEF1B2,AAACGAATCACGGGCT-TSP14-Bladder-NA-10X-1-1,2.22701570016873,2.22701570016873
GPNMB,NCL,AACGTCAAGCGTTCCG-TSP14-Bladder-NA-10X-1-1,1.41143008232293,
MEG3,NCL,AACCACACACCGGAAA-TSP14-Bladder-NA-10X-1-1,2.88987391662858,
CCL2,NCL,AACAGGGTCAAGCCGC-TSP14-Bladder-NA-10X-1-1,3.1983041142411,
ICAM1,NCL,AAACGAATCACGGGCT-TSP14-Bladder-NA-10X-1-1,2.22701570016873,
CDKN1A,ACKR3,AAACGAATCACGGGCT-TSP14-Bladder-NA-10X-1-1,1.90018116172458,
GPNMB,ACKR3,AACGTCAAGCGTTCCG-TSP14-Bladder-NA-10X-1-1,1.41143008232293,1.86069145133949
CCL2,ACKR3,AACAGGGTCAAGCCGC-TSP14-Bladder-NA-10X-1-1,3.1983041142411,
ICAM1,ACKR3,AAACGAATCACGGGCT-TSP14-Bladder-NA-10X-1-1,2.22701570016873,
ICAM1,COL6A3,AAACGAATCACGGGCT-TSP14-Bladder-NA-10X-1-1,2.22701570016873,
CDKN1A,FBLN2,AAACGAATCACGGGCT-TSP14-Bladder-NA-10X-1-1,1.90018116172458,
GPNMB,FBLN2,AACGTCAAGCGTTCCG-TSP14-Bladder-NA-10X-1-1,1.41143008232293,1.86069145133949
MMP2,FBLN2,AAAGAACCATCCGAAT-TSP14-Bladder-NA-10X-1-1,2.78680772455432,
CCL2,FBLN2,AACAGGGTCAAGCCGC-TSP14-Bladder-NA-10X-1-1,3.1983041142411,
ICAM1,FBLN2,AAACGAATCACGGGCT-TSP14-Bladder-NA-10X-1-1,2.22701570016873,
CDKN1A,GALNT15,AAACGAATCACGGGCT-TSP14-Bladder-NA-10X-1-1,1.90018116172458,
GPNMB,GALNT15,AACGTCAAGCGTTCCG-TSP14-Bladder-NA-10X-1-1,1.41143008232293,
MEG3,GALNT15,AACCACACACCGGAAA-TSP14-Bladder-NA-10X-1-1,2.88987391662858,
ICAM1,GALNT15,AAACGAATCACGGGCT-TSP14-Bladder-NA-10X-1-1,2.22701570016873,
GPNMB,TMA7,AACGTCAAGCGTTCCG-TSP14-Bladder-NA-10X-1-1,1.41143008232293,1.53013204560722
ICAM1,TMA7,AAACGAATCACGGGCT-TSP14-Bladder-NA-10X-1-1,2.22701570016873,
GPNMB,RHOA,AACGTCAAGCGTTCCG-TSP14-Bladder-NA-10X-1-1,1.41143008232293,
CCL2,RHOA,AACAGGGTCAAGCCGC-TSP14-Bladder-NA-10X-1-1,3.1983041142411,
ICAM1,RHOA,AAACGAATCACGGGCT-TSP14-Bladder-NA-10X-1-1,2.22701570016873,1.90018116172458
GPNMB,ARL6IP5,AACGTCAAGCGTTCCG-TSP14-Bladder-NA-10X-1-1,1.41143008232293,1.68533189548386
CCL2,ARL6IP5,AACAGGGTCAAGCCGC-TSP14-Bladder-NA-10X-1-1,3.1983041142411,
CDKN1A,ABI3BP,AAACGAATCACGGGCT-TSP14-Bladder-NA-10X-1-1,1.90018116172458,
GPNMB,ABI3BP,AACGTCAAGCGTTCCG-TSP14-Bladder-NA-10X-1-1,1.41143008232293,
MEG3,ABI3BP,AACCACACACCGGAAA-TSP14-Bladder-NA-10X-1-1,2.88987391662858,
MMP2,ABI3BP,AAAGAACCATCCGAAT-TSP14-Bladder-NA-10X-1-1,2.78680772455432,
CCL2,ABI3BP,AACAGGGTCAAGCCGC-TSP14-Bladder-NA-10X-1-1,3.1983041142411,
CDKN1A,NFKBIZ,AAACGAATCACGGGCT-TSP14-Bladder-NA-10X-1-1,1.90018116172458,2.73930783514958
ICAM1,NFKBIZ,AAACGAATCACGGGCT-TSP14-Bladder-NA-10X-1-1,2.22701570016873,2.73930783514958
GPNMB,PCOLCE2,AACGTCAAGCGTTCCG-TSP14-Bladder-NA-10X-1-1,1.41143008232293,
MEG3,PCOLCE2,AACCACACACCGGAAA-TSP14-Bladder-NA-10X-1-1,2.88987391662858,
CCL2,PCOLCE2,AACAGGGTCAAGCCGC-TSP14-Bladder-NA-10X-1-1,3.1983041142411,
ICAM1,PCOLCE2,AAACGAATCACGGGCT-TSP14-Bladder-NA-10X-1-1,2.22701570016873,
ICAM1,RARRES1,AAACGAATCACGGGCT-TSP14-Bladder-NA-10X-1-1,2.22701570016873,
GPNMB,RPL22L1,AACGTCAAGCGTTCCG-TSP14-Bladder-NA-10X-1-1,1.41143008232293,
GPNMB,HES1,AACGTCAAGCGTTCCG-TSP14-Bladder-NA-10X-1-1,1.41143008232293,
MEG3,HES1,AACCACACACCGGAAA-TSP14-Bladder-NA-10X-1-1,2.88987391662858,
CCL2,HES1,AACAGGGTCAAGCCGC-TSP14-Bladder-NA-10X-1-1,3.1983041142411,
ICAM1,HES1,AAACGAATCACGGGCT-TSP14-Bladder-NA-10X-1-1,2.22701570016873,
CCL2,APOD,AACAGGGTCAAGCCGC-TSP14-Bladder-NA-10X-1-1,3.1983041142411,5.42819954171696
ICAM1,APOD,AAACGAATCACGGGCT-TSP14-Bladder-NA-10X-1-1,2.22701570016873,
